"Paul Broad Jumps from Force Plate #2 to Force Plate #4, starting from rest.",,,,,,,,(X/Y/Z),C:\Program Files\Motion Analysis\EVaRT40\Physics\10-16-03\Paulbroadjump3.trc,,,,,,,,,,,,,,,,,,,,,,,,,,,,,,,,,,,,,,,,,,,,,,,,,,,,,,,,,,,,,,,,,,,,,,,,
Data Rate,Camera Rate,,,,,,,NumFrames,NumMarkers,Units,OrigDataRate,OrigDataStartFrame,OrigNumFrames,,,,,,,,,,,,,,,,,,,,,,,,,,,,,,,,,,,,,,,,,,,,,,,,,,,,,,,,,,,,,,,,,,,,
60,60,,,,,,,259,25,mm,60,1,259,,,,,,,,,,,,,,,,,,,,,,,,,,,,,,,,,,,,,,,,,,,,,,,,,,,,,,,,,,,,,,,,,,,,
,,,,,,,TopHead,,,R.Head,,,L.Head,,,R.Shoulder,,,Offset,,,L.Shoulder,,,R.Elbow,,,R.Wrist,,,L.Elbow,,,L.Wrist,,,R.ASIS,,,V.Sacral,,,L.ASIS,,,R.Thigh,,,R.Knee,,,R.Shank,,,R.Ankle,,,R.Heel,,,R.Toe,,,L.Thigh,,,L.Knee,,,L.Shank,,,L.Ankle,,,L.Heel,,,L.Toe,,
,Average over 20 time intervals,,,,,,X1,Y1,Z1,X2,Y2,Z2,X3,Y3,Z3,X4,Y4,Z4,X5,Y5,Z5,X6,Y6,Z6,X7,Y7,Z7,X8,Y8,Z8,X9,Y9,Z9,X10,Y10,Z10,X11,Y11,Z11,X12,Y12,Z12,X13,Y13,Z13,X14,Y14,Z14,X15,Y15,Z15,X16,Y16,Z16,X17,Y17,Z17,X18,Y18,Z18,X19,Y19,Z19,X20,Y20,Z20,X21,Y21,Z21,X22,Y22,Z22,X23,Y23,Z23,X24,Y24,Z24,X25,Y25,Z25
Time(s),FX2,FY2,FZ2,FX4,FY4,FZ4,,,,,,,,,,,,,,,,,,,,,,,,,,,,,,,,,,,,,,,,,,,,,,,,,,,,,,,,,,,,,,,,,,,,,,,,,,,
0,-9,-0.3,922.5,-0.4,-0.2,3.8,-1031,-242,1992,-1029,-341,1893,-1028,-145,1890,-1101,-429,1657,-1218,-119,1630,-1111,-29,1674,-1125,-514,1291,-991,-510,1012,-1102,54,1304,-954,35,1043,-1013,-376,1131,-1237,-243,1161,-1013,-89,1130,-1120,-524,753,-1130,-424,571,-1150,-501,387,-1172,-418,115,-1258,-367,79,-993,-370,69,-1101,70,754,-1133,-37,592,-1160,41,396,-1193,-40,114,-1273,-113,67,-1004,-81,71
0.017,-9.2,-0.4,921.4,-0.4,-0.3,3.6,-1031,-242,1992,-1029,-341,1893,-1028,-145,1890,-1101,-429,1656,-1218,-119,1630,-1111,-29,1674,-1125,-514,1291,-991,-510,1012,-1102,54,1304,-953,36,1043,-1013,-376,1131,-1237,-243,1161,-1013,-89,1130,-1120,-524,753,-1130,-424,571,-1149,-501,387,-1172,-418,115,-1258,-367,78,-993,-370,69,-1101,70,754,-1133,-37,592,-1160,41,396,-1193,-41,114,-1273,-113,67,-1004,-81,71
0.033,-9.5,-0.8,920.3,-0.4,-0.3,3.8,-1031,-242,1992,-1029,-341,1893,-1029,-145,1890,-1101,-429,1656,-1218,-119,1630,-1111,-29,1674,-1125,-514,1291,-990,-510,1012,-1102,54,1304,-952,36,1044,-1013,-376,1131,-1237,-243,1161,-1013,-89,1130,-1120,-524,753,-1130,-424,571,-1149,-501,387,-1172,-418,115,-1258,-367,78,-993,-370,69,-1101,70,754,-1133,-37,592,-1160,41,396,-1193,-41,114,-1273,-113,67,-1004,-80,71
0.05,-9.5,-1.2,920.9,-0.4,-0.3,3.7,-1032,-242,1992,-1029,-341,1893,-1029,-145,1890,-1101,-429,1656,-1218,-119,1630,-1112,-29,1674,-1125,-514,1291,-990,-510,1013,-1102,54,1304,-952,36,1044,-1013,-376,1131,-1237,-243,1161,-1012,-89,1130,-1120,-524,753,-1130,-424,571,-1149,-501,387,-1172,-418,115,-1258,-367,78,-993,-370,69,-1101,70,754,-1133,-36,592,-1160,41,396,-1193,-41,114,-1273,-113,67,-1004,-80,70
0.067,-9.5,-1.2,922.7,-0.3,-0.3,3.7,-1032,-242,1991,-1030,-341,1893,-1029,-145,1890,-1101,-429,1656,-1218,-119,1630,-1112,-29,1674,-1125,-514,1291,-990,-510,1013,-1102,54,1304,-951,36,1044,-1013,-376,1131,-1237,-243,1161,-1013,-89,1130,-1120,-524,753,-1129,-424,571,-1149,-501,387,-1172,-418,115,-1258,-367,78,-993,-370,69,-1101,70,754,-1133,-36,592,-1160,41,396,-1193,-41,114,-1273,-113,67,-1004,-80,70
0.083,-9.5,-1.2,924.8,-0.4,-0.3,3.8,-1032,-241,1991,-1030,-341,1893,-1029,-145,1890,-1101,-429,1656,-1218,-119,1630,-1112,-29,1674,-1125,-514,1291,-989,-510,1013,-1102,54,1304,-950,36,1044,-1013,-376,1131,-1237,-243,1161,-1013,-89,1130,-1120,-524,753,-1129,-424,571,-1149,-501,387,-1172,-418,115,-1258,-367,78,-993,-370,69,-1101,70,754,-1133,-36,592,-1160,41,396,-1193,-41,114,-1273,-113,67,-1004,-80,70
0.1,-9.6,-1.3,926,-0.4,-0.3,3.8,-1032,-241,1991,-1030,-341,1893,-1030,-145,1890,-1101,-429,1656,-1218,-119,1630,-1112,-29,1674,-1125,-514,1291,-988,-510,1013,-1102,54,1304,-950,35,1044,-1012,-376,1131,-1237,-243,1161,-1013,-89,1130,-1120,-524,753,-1129,-424,571,-1149,-501,387,-1172,-418,115,-1258,-367,78,-993,-370,69,-1101,70,754,-1132,-36,592,-1159,41,396,-1193,-41,114,-1273,-113,67,-1004,-80,70
0.117,-10.1,-1.1,925.6,-0.4,-0.3,3.6,-1033,-241,1991,-1030,-341,1893,-1030,-144,1890,-1101,-428,1656,-1219,-119,1630,-1112,-29,1674,-1124,-514,1291,-987,-510,1014,-1101,54,1304,-949,35,1045,-1012,-376,1131,-1237,-243,1161,-1013,-89,1130,-1120,-523,753,-1129,-424,571,-1149,-501,387,-1172,-418,115,-1258,-367,78,-993,-370,69,-1101,70,754,-1132,-36,592,-1159,41,396,-1193,-41,114,-1273,-113,67,-1004,-80,70
0.133,-10.3,-1.3,923.7,-0.4,-0.3,3.7,-1033,-241,1991,-1031,-341,1893,-1030,-144,1890,-1101,-428,1656,-1219,-119,1630,-1112,-29,1674,-1124,-514,1291,-986,-510,1014,-1101,54,1304,-948,35,1045,-1012,-376,1131,-1237,-243,1160,-1013,-89,1130,-1120,-523,753,-1129,-424,571,-1149,-501,387,-1172,-418,115,-1258,-367,78,-993,-370,69,-1101,70,754,-1132,-36,592,-1159,42,396,-1193,-41,114,-1273,-113,67,-1004,-80,70
0.15,-10.2,-1.3,922.3,-0.4,-0.2,3.6,-1033,-241,1991,-1031,-341,1893,-1030,-144,1890,-1101,-428,1656,-1219,-119,1630,-1112,-29,1673,-1124,-514,1291,-985,-509,1015,-1101,54,1303,-948,35,1045,-1012,-376,1131,-1237,-243,1160,-1013,-89,1130,-1120,-523,753,-1129,-424,571,-1149,-501,387,-1172,-418,115,-1258,-367,78,-994,-370,69,-1101,70,754,-1132,-36,592,-1159,42,396,-1193,-41,114,-1273,-113,67,-1004,-80,70
0.167,-9.4,-1.5,922.1,-0.4,-0.3,3.6,-1033,-241,1991,-1031,-340,1893,-1030,-144,1890,-1101,-428,1656,-1219,-119,1629,-1113,-29,1673,-1124,-515,1291,-984,-509,1015,-1101,54,1303,-947,35,1046,-1012,-376,1131,-1236,-243,1160,-1013,-89,1130,-1120,-523,753,-1129,-424,571,-1149,-501,387,-1172,-418,115,-1258,-367,78,-994,-370,70,-1101,70,754,-1132,-36,592,-1159,42,396,-1193,-41,114,-1273,-113,67,-1004,-80,70
0.183,-8.3,-1.8,922,-0.3,-0.3,3.9,-1034,-241,1991,-1032,-340,1893,-1031,-144,1890,-1101,-428,1656,-1219,-119,1629,-1113,-29,1673,-1124,-515,1291,-983,-509,1016,-1100,54,1303,-946,35,1046,-1012,-376,1131,-1236,-244,1160,-1013,-89,1130,-1120,-523,753,-1129,-424,571,-1149,-501,387,-1172,-418,115,-1258,-367,78,-994,-370,70,-1101,70,754,-1132,-36,592,-1159,41,396,-1193,-41,114,-1273,-113,67,-1004,-81,71
0.2,-6.8,-2,921.9,-0.4,-0.3,3.6,-1034,-241,1991,-1032,-341,1893,-1031,-144,1890,-1101,-428,1657,-1219,-119,1629,-1113,-29,1673,-1124,-515,1292,-981,-509,1017,-1100,55,1303,-945,34,1047,-1012,-376,1131,-1236,-244,1160,-1012,-89,1130,-1120,-523,753,-1129,-424,571,-1149,-501,387,-1172,-418,115,-1258,-367,78,-994,-370,70,-1101,70,754,-1132,-36,592,-1159,41,396,-1193,-41,114,-1273,-113,67,-1004,-81,71
0.217,-5,-2,923.9,-0.3,-0.4,3.8,-1034,-241,1991,-1032,-341,1893,-1031,-144,1890,-1101,-428,1657,-1219,-119,1629,-1113,-29,1673,-1124,-516,1292,-980,-508,1018,-1100,55,1303,-944,34,1047,-1012,-376,1130,-1236,-244,1160,-1013,-89,1130,-1120,-524,753,-1130,-424,571,-1150,-501,387,-1172,-418,115,-1258,-367,78,-994,-370,70,-1101,70,754,-1133,-36,592,-1160,41,395,-1193,-41,114,-1273,-113,67,-1004,-81,71
0.233,-3.9,-2.1,925.4,-0.4,-0.3,3.6,-1034,-241,1991,-1032,-340,1893,-1031,-144,1890,-1101,-428,1657,-1220,-119,1629,-1113,-29,1673,-1124,-516,1292,-978,-508,1018,-1100,55,1304,-943,34,1048,-1012,-376,1130,-1236,-244,1160,-1012,-89,1130,-1120,-524,753,-1130,-424,571,-1150,-501,386,-1172,-418,115,-1258,-367,78,-994,-370,70,-1101,70,754,-1133,-36,592,-1160,41,395,-1193,-41,114,-1273,-113,67,-1004,-81,71
0.25,-2.5,-2,925.8,-0.4,-0.3,3.4,-1034,-241,1991,-1032,-340,1893,-1032,-144,1890,-1101,-428,1656,-1220,-119,1629,-1113,-29,1673,-1124,-516,1292,-977,-508,1019,-1100,55,1304,-942,34,1048,-1012,-376,1130,-1236,-244,1160,-1012,-89,1130,-1120,-524,753,-1130,-424,571,-1150,-501,386,-1172,-418,115,-1258,-367,78,-994,-370,70,-1101,70,754,-1133,-36,592,-1160,41,396,-1193,-41,114,-1273,-113,67,-1004,-81,71
0.267,-1.4,-1.7,924.3,-0.4,-0.3,3.6,-1034,-241,1991,-1032,-340,1893,-1032,-144,1890,-1101,-429,1656,-1219,-119,1629,-1113,-29,1673,-1124,-516,1292,-975,-507,1020,-1100,56,1304,-941,33,1049,-1012,-376,1130,-1236,-244,1160,-1012,-89,1130,-1120,-524,753,-1130,-424,571,-1150,-501,386,-1172,-418,115,-1258,-368,78,-994,-371,70,-1101,70,754,-1133,-37,592,-1160,41,396,-1193,-41,114,-1273,-113,67,-1004,-81,71
0.283,-0.2,-2,921.9,-0.4,-0.2,3.8,-1034,-241,1991,-1032,-340,1893,-1032,-144,1890,-1101,-429,1656,-1219,-119,1629,-1113,-29,1673,-1124,-516,1292,-973,-507,1021,-1099,56,1304,-939,33,1049,-1012,-376,1130,-1236,-244,1160,-1012,-89,1130,-1121,-524,753,-1130,-424,571,-1150,-501,386,-1172,-418,115,-1258,-368,78,-994,-371,70,-1102,70,754,-1133,-37,592,-1160,41,396,-1193,-41,114,-1273,-113,67,-1004,-81,71
0.3,0.3,-2.2,920.3,-0.3,-0.2,3.6,-1034,-241,1991,-1032,-340,1893,-1032,-144,1890,-1101,-429,1656,-1219,-119,1629,-1113,-29,1673,-1124,-516,1292,-972,-507,1021,-1099,56,1304,-938,33,1049,-1012,-376,1130,-1236,-244,1160,-1012,-89,1130,-1121,-524,753,-1130,-424,571,-1150,-501,386,-1173,-418,114,-1258,-368,78,-994,-371,70,-1102,70,754,-1133,-37,592,-1160,41,395,-1193,-40,114,-1273,-113,66,-1004,-81,71
0.317,0.9,-2,920.8,-0.4,-0.3,3.6,-1034,-241,1991,-1032,-340,1893,-1032,-144,1890,-1101,-429,1656,-1219,-119,1629,-1113,-29,1673,-1124,-516,1292,-970,-506,1022,-1098,56,1304,-937,32,1050,-1012,-376,1130,-1236,-244,1160,-1012,-89,1130,-1121,-524,753,-1130,-424,571,-1151,-501,386,-1173,-418,114,-1258,-368,78,-994,-371,70,-1102,70,754,-1133,-37,592,-1160,41,395,-1193,-40,114,-1274,-113,66,-1004,-81,71
0.333,2,-2.3,922.9,-0.4,-0.4,3.7,-1034,-241,1991,-1032,-341,1893,-1032,-144,1889,-1101,-429,1656,-1219,-119,1629,-1113,-29,1673,-1123,-516,1292,-968,-506,1023,-1098,56,1304,-936,32,1050,-1012,-376,1130,-1236,-244,1160,-1012,-89,1130,-1121,-524,753,-1130,-424,571,-1151,-501,386,-1173,-418,114,-1258,-368,78,-994,-371,70,-1102,70,754,-1133,-37,592,-1160,41,395,-1193,-40,114,-1274,-113,66,-1005,-81,71
0.35,1.7,-2.9,925.9,-0.3,-0.3,3.7,-1034,-241,1991,-1032,-341,1893,-1031,-145,1889,-1101,-429,1656,-1219,-119,1629,-1113,-29,1673,-1123,-516,1292,-966,-506,1024,-1097,57,1304,-934,32,1051,-1012,-376,1130,-1236,-244,1160,-1012,-89,1130,-1121,-524,753,-1130,-424,571,-1151,-501,386,-1173,-418,114,-1258,-368,78,-994,-371,70,-1102,70,754,-1133,-37,592,-1160,41,395,-1193,-40,114,-1274,-113,66,-1005,-81,71
0.367,0.9,-3.6,926.3,-0.4,-0.3,3.2,-1034,-241,1991,-1032,-341,1893,-1031,-145,1889,-1100,-429,1656,-1219,-119,1629,-1112,-29,1673,-1122,-516,1292,-964,-505,1025,-1096,57,1304,-933,33,1051,-1012,-377,1130,-1236,-244,1160,-1012,-89,1130,-1122,-524,753,-1131,-424,571,-1151,-501,386,-1173,-418,114,-1258,-368,78,-994,-371,70,-1102,70,754,-1133,-37,592,-1160,41,395,-1193,-40,114,-1274,-113,66,-1005,-81,71
0.383,0.8,-2.2,925.4,-0.4,-0.3,3.4,-1034,-241,1991,-1032,-341,1893,-1031,-145,1889,-1100,-429,1656,-1218,-119,1629,-1112,-29,1673,-1121,-517,1292,-962,-505,1025,-1095,57,1304,-932,33,1052,-1012,-377,1130,-1236,-244,1160,-1012,-90,1129,-1121,-524,753,-1131,-424,571,-1151,-501,386,-1173,-418,114,-1258,-368,78,-994,-371,70,-1102,70,754,-1133,-37,592,-1160,41,395,-1193,-40,114,-1273,-113,66,-1005,-81,71
0.4,1,-1,926.4,-0.4,-0.3,3.7,-1034,-241,1991,-1032,-341,1893,-1030,-145,1889,-1100,-429,1656,-1218,-119,1629,-1112,-29,1673,-1120,-517,1292,-960,-504,1026,-1094,57,1304,-931,33,1052,-1012,-377,1130,-1235,-245,1161,-1012,-90,1129,-1121,-524,753,-1131,-424,571,-1151,-502,386,-1173,-418,114,-1258,-368,78,-994,-371,70,-1102,69,754,-1133,-37,592,-1160,41,395,-1193,-40,114,-1273,-113,66,-1005,-81,71
0.417,1.5,-1,928.6,-0.4,-0.2,3.7,-1034,-241,1991,-1031,-341,1893,-1030,-145,1889,-1099,-429,1656,-1218,-119,1629,-1111,-30,1673,-1120,-517,1292,-959,-504,1026,-1094,57,1304,-930,34,1053,-1011,-377,1130,-1235,-245,1161,-1012,-90,1129,-1121,-524,753,-1131,-424,571,-1151,-502,386,-1173,-418,114,-1258,-368,78,-994,-371,70,-1101,69,754,-1133,-37,592,-1160,41,395,-1193,-40,114,-1273,-113,66,-1005,-81,71
0.433,0.8,-1.9,928.8,-0.4,-0.3,3.7,-1033,-241,1991,-1031,-341,1893,-1030,-145,1889,-1099,-429,1656,-1218,-119,1629,-1111,-30,1673,-1119,-517,1292,-957,-504,1027,-1093,57,1304,-929,34,1053,-1011,-377,1130,-1235,-245,1161,-1011,-90,1129,-1121,-524,753,-1131,-424,571,-1150,-502,386,-1173,-418,114,-1258,-368,78,-994,-371,70,-1101,69,754,-1133,-37,592,-1160,41,395,-1193,-40,114,-1273,-113,67,-1005,-81,71
0.45,-0.7,-2.1,925,-0.4,-0.3,3.6,-1033,-242,1991,-1030,-341,1893,-1029,-145,1889,-1098,-429,1656,-1217,-120,1629,-1110,-30,1673,-1118,-517,1292,-955,-503,1028,-1092,57,1304,-928,34,1053,-1011,-377,1130,-1235,-245,1161,-1011,-90,1129,-1121,-524,753,-1131,-424,571,-1150,-502,386,-1172,-418,114,-1258,-368,78,-994,-371,70,-1101,69,754,-1132,-37,592,-1160,41,395,-1193,-40,114,-1273,-113,67,-1004,-81,71
0.467,-2,-1.5,920.5,-0.4,-0.3,3.6,-1032,-242,1991,-1030,-341,1893,-1029,-146,1889,-1097,-429,1656,-1217,-120,1629,-1110,-30,1673,-1117,-517,1292,-954,-503,1028,-1091,57,1304,-927,34,1053,-1010,-377,1130,-1234,-245,1161,-1011,-90,1129,-1121,-524,753,-1131,-424,571,-1150,-502,386,-1172,-418,114,-1258,-368,78,-994,-371,70,-1101,69,754,-1132,-37,592,-1159,41,396,-1193,-40,114,-1273,-113,67,-1004,-81,71
0.483,-3.5,-1.2,919.1,-0.4,-0.2,3.4,-1032,-242,1991,-1029,-342,1893,-1028,-146,1889,-1097,-430,1656,-1216,-120,1629,-1109,-30,1673,-1117,-517,1292,-952,-503,1028,-1090,57,1304,-926,34,1054,-1010,-377,1130,-1234,-245,1161,-1011,-90,1129,-1121,-524,753,-1130,-424,571,-1150,-502,386,-1172,-418,115,-1258,-368,78,-994,-371,70,-1100,69,754,-1132,-37,592,-1159,41,396,-1193,-40,114,-1273,-113,67,-1004,-81,71
0.5,-4.1,-1.3,919.5,-0.4,-0.3,3.8,-1031,-242,1991,-1028,-342,1893,-1027,-146,1889,-1096,-430,1656,-1216,-120,1629,-1109,-31,1673,-1116,-517,1292,-951,-503,1029,-1090,57,1305,-926,34,1054,-1009,-377,1130,-1234,-245,1161,-1010,-90,1129,-1120,-525,753,-1130,-424,571,-1150,-502,386,-1172,-418,115,-1258,-367,78,-994,-371,70,-1100,69,754,-1132,-37,593,-1159,41,396,-1193,-41,114,-1273,-113,67,-1004,-81,71
0.517,-4,-1.1,921.4,-0.4,-0.3,3.6,-1030,-242,1991,-1027,-342,1893,-1026,-146,1889,-1096,-430,1656,-1215,-120,1629,-1108,-31,1673,-1115,-517,1292,-950,-502,1029,-1089,57,1305,-925,34,1054,-1009,-377,1130,-1233,-245,1161,-1010,-90,1129,-1120,-525,753,-1130,-424,571,-1150,-502,386,-1172,-418,115,-1258,-367,78,-994,-371,70,-1100,69,754,-1132,-37,592,-1159,41,396,-1193,-41,114,-1273,-113,67,-1004,-81,71
0.533,-4.2,-1,922.8,-0.4,-0.3,3.6,-1029,-242,1991,-1026,-342,1893,-1025,-146,1889,-1095,-430,1656,-1214,-120,1629,-1108,-31,1673,-1114,-517,1292,-949,-502,1029,-1089,57,1305,-924,34,1055,-1009,-377,1130,-1233,-245,1161,-1009,-90,1130,-1120,-525,753,-1130,-425,571,-1150,-502,386,-1172,-418,115,-1258,-367,78,-994,-370,70,-1100,69,754,-1132,-37,592,-1159,41,396,-1193,-41,114,-1273,-113,67,-1004,-81,71
0.55,-5.1,-1,918.7,-0.3,-0.3,3.6,-1028,-243,1991,-1025,-342,1893,-1025,-146,1889,-1094,-430,1655,-1214,-121,1630,-1107,-31,1673,-1113,-517,1291,-948,-502,1029,-1088,57,1305,-923,34,1055,-1009,-377,1130,-1233,-245,1161,-1008,-90,1130,-1119,-525,753,-1130,-425,571,-1150,-502,386,-1172,-418,115,-1258,-367,78,-994,-371,70,-1100,69,754,-1131,-37,592,-1159,41,396,-1193,-41,114,-1273,-113,67,-1004,-81,70
0.567,-4.7,-1,916.3,-0.3,-0.3,3.8,-1027,-243,1990,-1024,-343,1892,-1024,-147,1889,-1093,-430,1655,-1213,-121,1630,-1106,-31,1673,-1112,-518,1291,-947,-502,1029,-1087,57,1305,-922,34,1055,-1008,-377,1130,-1232,-246,1161,-1008,-91,1129,-1119,-525,753,-1129,-425,571,-1149,-502,386,-1172,-418,115,-1258,-367,78,-994,-371,70,-1100,69,754,-1131,-37,592,-1159,41,396,-1193,-40,114,-1273,-113,67,-1004,-81,70
0.583,-3.4,-1.1,920.6,-0.4,-0.3,3.8,-1026,-243,1990,-1023,-343,1892,-1023,-147,1889,-1091,-430,1655,-1212,-121,1630,-1105,-31,1673,-1112,-518,1291,-946,-502,1029,-1087,58,1305,-922,34,1055,-1008,-378,1130,-1232,-246,1161,-1008,-91,1129,-1119,-525,753,-1129,-425,571,-1149,-502,386,-1172,-418,115,-1258,-367,78,-994,-371,70,-1100,69,754,-1131,-37,593,-1159,41,396,-1193,-40,114,-1273,-113,67,-1004,-81,71
0.6,-2.6,-0.8,929.7,-0.4,-0.2,3.7,-1024,-243,1990,-1022,-343,1892,-1021,-147,1889,-1090,-430,1654,-1211,-121,1630,-1104,-32,1673,-1111,-519,1291,-946,-502,1029,-1087,58,1306,-921,34,1055,-1008,-378,1130,-1231,-246,1161,-1007,-91,1129,-1119,-525,753,-1129,-426,571,-1149,-502,386,-1172,-418,115,-1258,-368,78,-994,-371,70,-1100,69,754,-1131,-37,593,-1159,41,396,-1193,-40,114,-1273,-113,67,-1004,-81,71
0.617,-2.3,-0.6,931.3,-0.4,-0.4,3.5,-1022,-244,1990,-1020,-343,1892,-1020,-147,1888,-1089,-431,1654,-1210,-121,1630,-1102,-32,1673,-1110,-519,1292,-946,-502,1029,-1087,59,1306,-921,34,1056,-1008,-378,1130,-1231,-246,1161,-1007,-91,1129,-1119,-525,753,-1129,-426,571,-1149,-502,386,-1172,-418,114,-1258,-368,78,-994,-371,70,-1100,69,754,-1131,-37,593,-1159,41,396,-1193,-40,114,-1273,-113,67,-1004,-81,71
0.633,-1.9,-0.5,927.4,-0.4,-0.3,3.6,-1020,-244,1989,-1018,-343,1891,-1018,-147,1888,-1088,-431,1654,-1208,-121,1631,-1100,-32,1673,-1110,-520,1292,-946,-503,1029,-1087,59,1306,-920,35,1056,-1007,-378,1130,-1231,-246,1161,-1007,-91,1129,-1119,-525,753,-1129,-426,571,-1149,-502,386,-1173,-418,114,-1258,-368,78,-994,-371,70,-1099,69,754,-1131,-37,593,-1158,41,396,-1193,-40,114,-1273,-113,67,-1004,-81,71
0.65,-1.5,0.1,921.5,-0.4,-0.3,3.7,-1018,-244,1989,-1016,-344,1891,-1016,-148,1887,-1086,-431,1654,-1207,-121,1632,-1098,-33,1673,-1109,-520,1292,-946,-503,1028,-1087,59,1307,-921,36,1055,-1007,-378,1130,-1231,-246,1161,-1007,-91,1129,-1118,-525,753,-1128,-426,571,-1149,-502,386,-1173,-418,114,-1258,-368,78,-994,-371,70,-1098,69,754,-1131,-37,593,-1158,41,396,-1193,-40,114,-1273,-113,67,-1004,-81,71
0.667,-1.2,0.5,917.2,-0.4,-0.2,3.8,-1015,-244,1988,-1013,-344,1890,-1013,-148,1887,-1084,-432,1654,-1205,-121,1633,-1096,-33,1674,-1109,-520,1292,-948,-504,1027,-1086,60,1307,-922,37,1055,-1008,-378,1130,-1231,-246,1161,-1008,-91,1129,-1118,-525,753,-1127,-426,570,-1148,-502,385,-1172,-418,114,-1258,-368,78,-994,-371,70,-1097,69,754,-1130,-38,592,-1157,41,396,-1193,-40,114,-1273,-113,67,-1004,-81,71
0.683,-1.9,1,909.1,-0.4,-0.2,3.6,-1012,-245,1988,-1010,-344,1890,-1010,-148,1886,-1082,-432,1654,-1202,-121,1634,-1093,-33,1674,-1109,-521,1292,-950,-504,1026,-1086,60,1308,-924,38,1054,-1008,-379,1130,-1232,-246,1161,-1009,-92,1129,-1118,-525,753,-1126,-426,570,-1147,-502,385,-1172,-418,114,-1258,-368,78,-994,-370,70,-1096,69,754,-1128,-38,592,-1157,41,395,-1193,-40,114,-1273,-113,66,-1004,-81,71
0.7,-1.6,0.5,901.3,-0.4,-0.3,3.4,-1008,-245,1987,-1005,-345,1889,-1006,-149,1886,-1079,-433,1654,-1200,-121,1636,-1090,-34,1674,-1109,-522,1293,-953,-505,1025,-1086,61,1309,-927,40,1052,-1008,-379,1130,-1233,-246,1161,-1009,-92,1129,-1117,-525,752,-1124,-426,570,-1146,-502,385,-1172,-418,114,-1258,-368,77,-995,-370,70,-1095,69,754,-1127,-38,592,-1156,40,395,-1193,-40,114,-1274,-112,66,-1005,-81,71
0.717,1.2,-1.6,898.8,-0.4,-0.3,3.6,-1003,-245,1987,-1000,-345,1888,-1002,-149,1885,-1075,-433,1654,-1196,-121,1637,-1086,-34,1675,-1110,-523,1293,-957,-506,1023,-1086,62,1310,-931,43,1051,-1009,-379,1130,-1234,-247,1161,-1010,-92,1128,-1116,-525,752,-1123,-425,570,-1145,-502,385,-1172,-418,114,-1259,-368,77,-995,-370,70,-1095,69,754,-1124,-38,592,-1154,40,395,-1193,-40,114,-1274,-112,66,-1005,-81,71
0.733,5,-2.4,901.5,-0.4,-0.3,3.6,-997,-246,1986,-994,-345,1887,-996,-149,1884,-1071,-434,1654,-1193,-122,1639,-1081,-35,1675,-1110,-524,1294,-963,-508,1022,-1087,64,1311,-937,46,1049,-1010,-378,1130,-1235,-247,1160,-1013,-92,1128,-1116,-525,752,-1121,-425,570,-1144,-501,384,-1172,-419,114,-1259,-368,77,-995,-371,71,-1094,69,754,-1122,-38,591,-1153,40,394,-1193,-40,113,-1274,-112,66,-1005,-80,71
0.75,7.8,-2.2,902,-0.4,-0.3,3.6,-990,-246,1985,-988,-346,1886,-990,-150,1883,-1067,-434,1654,-1188,-122,1640,-1076,-35,1676,-1112,-525,1295,-970,-509,1020,-1089,65,1313,-944,49,1047,-1011,-378,1130,-1237,-248,1160,-1014,-92,1128,-1115,-525,751,-1119,-425,569,-1142,-501,384,-1172,-419,114,-1259,-369,77,-995,-371,71,-1093,69,753,-1119,-38,591,-1151,41,394,-1193,-39,113,-1274,-112,66,-1005,-80,72
0.767,11.2,-2,889.2,-0.3,-0.3,3.8,-983,-246,1983,-980,-346,1885,-983,-150,1881,-1061,-435,1654,-1183,-123,1642,-1071,-36,1676,-1113,-526,1296,-978,-511,1018,-1091,67,1314,-954,54,1045,-1013,-378,1129,-1238,-248,1160,-1017,-92,1128,-1114,-525,751,-1117,-425,569,-1141,-501,383,-1172,-420,114,-1259,-369,76,-995,-371,72,-1092,69,752,-1117,-38,590,-1149,41,393,-1193,-39,113,-1274,-112,66,-1006,-80,72
0.783,19.3,-0.7,868.2,-0.3,-0.3,4.1,-974,-247,1981,-971,-346,1883,-975,-151,1879,-1056,-435,1654,-1178,-124,1644,-1065,-36,1676,-1116,-528,1297,-989,-513,1015,-1094,69,1315,-964,58,1042,-1015,-378,1129,-1240,-248,1159,-1020,-92,1127,-1113,-525,750,-1114,-425,568,-1139,-501,383,-1172,-420,113,-1259,-369,76,-995,-371,73,-1091,69,751,-1113,-38,589,-1146,41,392,-1193,-39,113,-1274,-112,65,-1006,-80,72
0.8,23.5,1.6,851.4,-0.4,-0.3,3.7,-964,-247,1979,-962,-347,1881,-966,-151,1877,-1049,-436,1653,-1171,-125,1645,-1058,-37,1676,-1119,-529,1298,-1001,-516,1013,-1098,70,1317,-977,63,1040,-1017,-378,1128,-1242,-248,1159,-1022,-92,1126,-1111,-525,749,-1111,-424,568,-1137,-501,382,-1172,-421,113,-1260,-369,76,-996,-371,73,-1089,69,750,-1109,-38,589,-1143,40,391,-1192,-38,113,-1274,-112,65,-1006,-80,73
0.817,20.7,4.7,836.5,-0.4,-0.2,3.4,-953,-247,1976,-951,-347,1878,-956,-152,1874,-1041,-437,1651,-1164,-126,1647,-1050,-38,1676,-1123,-530,1299,-1015,-518,1010,-1102,70,1318,-991,68,1038,-1020,-377,1127,-1245,-248,1159,-1026,-92,1124,-1108,-525,748,-1108,-424,567,-1134,-501,382,-1172,-421,113,-1260,-369,75,-996,-372,74,-1086,69,749,-1104,-39,587,-1139,40,391,-1192,-38,113,-1275,-111,65,-1006,-80,73
0.833,17,8.5,817.2,-0.4,-0.3,3.5,-941,-248,1972,-940,-348,1874,-945,-152,1870,-1033,-438,1649,-1156,-127,1648,-1042,-39,1675,-1127,-531,1300,-1030,-520,1008,-1107,71,1320,-1007,73,1036,-1023,-377,1126,-1248,-248,1158,-1029,-92,1123,-1106,-525,746,-1104,-423,566,-1132,-500,381,-1172,-421,112,-1260,-370,75,-996,-372,76,-1082,69,748,-1099,-39,586,-1135,40,390,-1192,-38,113,-1275,-111,65,-1006,-80,74
0.85,15.9,11.1,793.7,-0.3,-0.3,3.8,-927,-248,1968,-927,-348,1870,-933,-153,1866,-1023,-439,1647,-1147,-128,1649,-1033,-40,1673,-1132,-532,1301,-1046,-522,1006,-1113,71,1322,-1024,77,1034,-1026,-376,1125,-1251,-248,1158,-1032,-92,1121,-1102,-524,745,-1100,-423,565,-1129,-500,381,-1172,-421,112,-1260,-370,75,-996,-372,77,-1078,69,746,-1093,-40,585,-1131,40,389,-1191,-39,113,-1275,-111,65,-1007,-81,74
0.867,14.1,11.8,764.6,-0.3,-0.4,3.8,-913,-249,1962,-913,-349,1864,-920,-153,1860,-1012,-439,1643,-1137,-129,1649,-1023,-40,1670,-1137,-532,1302,-1063,-524,1004,-1119,71,1324,-1042,82,1033,-1029,-376,1124,-1255,-248,1157,-1036,-92,1119,-1099,-524,743,-1095,-422,564,-1125,-500,380,-1172,-422,112,-1260,-370,74,-997,-372,78,-1074,68,744,-1087,-40,584,-1126,39,387,-1191,-39,113,-1275,-111,65,-1007,-81,75
0.883,11.5,11.9,734.8,-0.4,-0.3,4,-897,-250,1955,-898,-350,1857,-906,-153,1854,-1001,-440,1638,-1126,-130,1649,-1011,-41,1666,-1142,-533,1304,-1081,-525,1002,-1125,72,1327,-1060,86,1032,-1033,-375,1122,-1259,-248,1156,-1041,-93,1116,-1095,-524,741,-1090,-422,563,-1122,-500,380,-1173,-422,112,-1260,-370,74,-997,-372,79,-1069,69,742,-1081,-40,582,-1121,39,386,-1191,-39,112,-1275,-111,65,-1007,-81,75
0.9,10.7,14.2,699.8,-0.4,-0.3,3.6,-881,-250,1947,-882,-350,1848,-890,-154,1845,-989,-440,1631,-1113,-131,1648,-999,-42,1661,-1147,-533,1305,-1100,-527,1001,-1130,74,1329,-1079,89,1032,-1039,-374,1119,-1264,-247,1155,-1046,-93,1113,-1091,-524,738,-1085,-421,561,-1118,-499,379,-1173,-422,112,-1261,-370,74,-997,-372,80,-1066,69,741,-1075,-40,580,-1117,39,385,-1190,-39,112,-1275,-111,65,-1007,-82,76
0.917,12.4,13.4,655.4,-0.4,-0.3,3.8,-863,-251,1936,-864,-350,1838,-874,-154,1835,-976,-441,1623,-1100,-132,1645,-985,-43,1654,-1151,-533,1306,-1118,-528,1000,-1135,75,1332,-1099,92,1032,-1045,-373,1115,-1270,-247,1153,-1053,-93,1108,-1088,-524,735,-1079,-421,560,-1114,-499,378,-1173,-422,112,-1261,-370,74,-998,-372,81,-1063,70,739,-1069,-40,579,-1112,39,383,-1190,-39,112,-1275,-111,65,-1007,-82,77
0.933,11.5,10.7,612.5,-0.4,-0.3,3.8,-845,-251,1924,-846,-351,1826,-856,-155,1822,-962,-441,1613,-1085,-133,1641,-971,-44,1646,-1155,-534,1306,-1137,-528,999,-1140,76,1334,-1118,94,1033,-1052,-373,1110,-1276,-247,1151,-1059,-93,1104,-1085,-524,732,-1072,-421,558,-1110,-499,377,-1173,-422,112,-1261,-370,74,-998,-371,82,-1060,71,737,-1064,-39,577,-1108,39,382,-1190,-39,112,-1275,-111,65,-1007,-82,78
0.95,12.6,12.2,572.9,-0.3,-0.3,3.6,-825,-251,1909,-828,-351,1811,-838,-155,1808,-948,-441,1601,-1069,-134,1635,-955,-44,1635,-1157,-534,1306,-1155,-529,998,-1143,78,1336,-1138,96,1034,-1060,-372,1105,-1283,-246,1148,-1066,-93,1099,-1082,-525,729,-1065,-421,556,-1106,-499,375,-1173,-421,112,-1261,-370,74,-998,-371,83,-1059,72,735,-1059,-39,575,-1104,40,380,-1189,-39,111,-1275,-112,65,-1008,-82,78
0.967,14.9,11.6,530.6,-0.4,-0.3,3.5,-805,-251,1891,-809,-351,1793,-819,-155,1790,-933,-441,1587,-1052,-135,1627,-939,-45,1621,-1159,-535,1305,-1173,-529,997,-1146,79,1337,-1156,98,1035,-1069,-371,1098,-1291,-245,1144,-1072,-92,1093,-1079,-525,726,-1058,-422,554,-1101,-499,374,-1173,-421,112,-1261,-370,74,-998,-372,84,-1058,73,733,-1054,-37,573,-1101,41,378,-1189,-39,111,-1275,-112,65,-1008,-82,79
0.983,17.4,12.9,500.8,-0.4,-0.3,3.8,-785,-251,1871,-789,-351,1773,-801,-155,1770,-917,-441,1571,-1034,-135,1617,-921,-46,1605,-1161,-535,1303,-1190,-529,996,-1147,80,1338,-1174,99,1036,-1078,-371,1090,-1300,-244,1139,-1080,-93,1087,-1077,-526,722,-1051,-422,551,-1096,-499,373,-1172,-421,112,-1262,-370,74,-999,-372,84,-1056,75,731,-1050,-36,571,-1098,41,377,-1189,-39,111,-1275,-112,65,-1008,-82,80
1,19.2,15.3,496.3,-0.3,-0.3,3.7,-765,-251,1848,-769,-351,1750,-781,-155,1747,-901,-441,1551,-1015,-136,1604,-904,-46,1587,-1161,-535,1300,-1206,-529,995,-1148,81,1337,-1191,100,1036,-1087,-371,1081,-1308,-243,1133,-1088,-93,1079,-1076,-526,718,-1044,-422,549,-1092,-499,371,-1172,-421,112,-1262,-370,74,-999,-372,85,-1054,76,729,-1045,-34,569,-1095,42,375,-1189,-39,111,-1275,-112,65,-1009,-81,81
1.017,24.1,14.3,507.2,-0.4,-0.3,3.5,-745,-250,1822,-749,-350,1724,-762,-154,1721,-885,-440,1530,-995,-137,1588,-886,-47,1565,-1160,-535,1296,-1222,-529,994,-1146,81,1335,-1206,100,1036,-1095,-370,1071,-1316,-243,1127,-1096,-92,1069,-1075,-526,713,-1038,-422,546,-1087,-499,369,-1171,-420,112,-1262,-370,74,-999,-372,85,-1052,78,727,-1039,-32,567,-1092,43,373,-1189,-39,110,-1275,-112,65,-1009,-80,81
1.033,37.4,9.4,533.1,-0.4,-0.3,3.8,-724,-249,1793,-730,-350,1696,-744,-154,1692,-869,-440,1505,-975,-138,1569,-868,-48,1541,-1159,-534,1290,-1237,-529,992,-1143,82,1331,-1220,100,1035,-1103,-370,1060,-1324,-242,1121,-1103,-91,1057,-1074,-526,709,-1032,-422,544,-1083,-499,367,-1171,-420,112,-1262,-370,73,-999,-372,85,-1049,80,725,-1033,-31,565,-1088,44,371,-1189,-39,110,-1275,-113,65,-1009,-80,81
1.05,62.3,4.8,567.9,-0.4,-0.4,3.8,-705,-249,1762,-711,-349,1665,-726,-154,1661,-854,-440,1478,-956,-138,1547,-851,-48,1514,-1157,-533,1283,-1250,-528,989,-1140,83,1325,-1233,101,1033,-1110,-369,1049,-1331,-241,1114,-1110,-91,1046,-1072,-525,705,-1025,-421,541,-1078,-498,366,-1170,-419,111,-1262,-370,73,-999,-372,84,-1046,81,723,-1027,-30,562,-1083,45,369,-1189,-39,110,-1275,-113,65,-1009,-80,81
1.067,92,3.1,632.3,-0.4,-0.3,3.8,-686,-248,1728,-693,-349,1631,-708,-153,1627,-839,-439,1449,-937,-139,1523,-835,-48,1485,-1154,-531,1274,-1263,-528,985,-1135,83,1317,-1245,101,1030,-1117,-368,1036,-1337,-240,1107,-1119,-91,1033,-1070,-525,701,-1019,-420,539,-1074,-497,364,-1170,-418,111,-1262,-370,73,-999,-372,84,-1044,82,720,-1021,-29,560,-1079,45,367,-1189,-40,110,-1275,-113,65,-1009,-80,81
1.083,117.2,3.1,701.5,-0.4,-0.3,3.8,-667,-247,1694,-676,-348,1597,-691,-153,1593,-824,-439,1417,-919,-138,1496,-819,-48,1455,-1151,-530,1263,-1274,-528,981,-1129,83,1306,-1256,101,1026,-1123,-367,1023,-1342,-240,1099,-1122,-89,1021,-1066,-524,698,-1013,-419,536,-1070,-496,362,-1170,-418,111,-1262,-370,73,-1000,-372,84,-1041,83,717,-1015,-29,557,-1074,45,364,-1189,-40,110,-1275,-113,65,-1009,-80,80
1.1,137.8,7.3,747,-0.4,-0.4,3.2,-650,-247,1658,-660,-348,1561,-675,-152,1558,-811,-438,1385,-902,-137,1469,-803,-47,1422,-1146,-529,1250,-1283,-528,975,-1122,84,1292,-1265,102,1021,-1128,-366,1009,-1346,-239,1090,-1121,-89,1009,-1061,-524,694,-1005,-419,533,-1065,-496,360,-1169,-418,111,-1262,-369,73,-1000,-372,83,-1039,83,714,-1008,-29,554,-1070,44,362,-1188,-40,110,-1275,-113,65,-1009,-80,79
1.117,163.2,11,796.8,-0.4,-0.3,3.7,-633,-247,1623,-645,-347,1526,-660,-151,1523,-798,-437,1351,-886,-136,1440,-789,-46,1389,-1141,-527,1236,-1292,-528,968,-1114,84,1276,-1272,102,1013,-1132,-365,995,-1349,-239,1081,-1132,-87,995,-1056,-524,691,-998,-419,530,-1061,-496,357,-1169,-417,111,-1262,-369,73,-1000,-372,82,-1036,84,711,-1002,-29,551,-1065,44,359,-1188,-40,110,-1275,-113,65,-1009,-80,78
1.133,184.4,13.4,862.6,-0.4,-0.3,3.5,-618,-246,1588,-630,-346,1490,-646,-151,1489,-786,-436,1318,-871,-134,1412,-775,-44,1356,-1134,-527,1219,-1298,-529,960,-1106,84,1257,-1277,104,1004,-1135,-364,981,-1351,-239,1070,-1140,-87,981,-1050,-525,686,-989,-419,526,-1055,-496,355,-1168,-417,111,-1261,-369,74,-1000,-372,81,-1033,84,707,-994,-28,547,-1060,45,357,-1188,-40,110,-1275,-113,65,-1009,-80,77
1.15,191.7,16.4,943.7,-0.4,-0.3,3.8,-603,-246,1554,-617,-346,1457,-633,-150,1456,-775,-435,1286,-857,-131,1384,-762,-43,1324,-1126,-526,1200,-1303,-529,950,-1096,84,1236,-1281,106,993,-1136,-364,967,-1352,-239,1059,-1143,-88,968,-1045,-525,681,-980,-419,522,-1050,-495,352,-1167,-417,111,-1261,-369,74,-1000,-372,79,-1028,86,704,-986,-27,543,-1055,45,354,-1187,-40,110,-1275,-113,65,-1009,-80,76
1.167,194.5,15.5,1023.6,-0.4,-0.3,3.6,-590,-245,1522,-605,-345,1424,-622,-149,1424,-765,-433,1255,-844,-129,1357,-750,-41,1293,-1117,-526,1180,-1306,-531,938,-1085,85,1212,-1282,109,979,-1136,-364,953,-1351,-239,1048,-1140,-87,955,-1039,-525,674,-971,-418,517,-1044,-495,349,-1167,-417,111,-1261,-369,74,-999,-372,78,-1023,88,700,-977,-26,539,-1049,46,350,-1186,-40,110,-1274,-113,65,-1008,-79,75
1.183,196.4,11,1073,-0.3,-0.3,3.6,-578,-244,1493,-593,-344,1395,-611,-149,1395,-756,-431,1226,-832,-127,1331,-739,-40,1264,-1108,-526,1158,-1307,-533,925,-1075,86,1186,-1281,113,963,-1134,-365,939,-1350,-239,1035,-1135,-86,943,-1033,-525,668,-961,-417,512,-1038,-495,346,-1166,-416,111,-1260,-369,75,-999,-372,77,-1017,90,695,-968,-24,534,-1043,47,347,-1185,-40,110,-1274,-113,66,-1008,-79,73
1.2,198.5,-0.8,1096.1,-0.4,-0.3,3.6,-567,-243,1466,-583,-343,1368,-601,-148,1369,-747,-430,1200,-822,-124,1307,-729,-39,1236,-1097,-527,1135,-1306,-535,909,-1064,89,1158,-1277,118,944,-1130,-365,926,-1347,-239,1023,-1135,-87,930,-1026,-525,661,-952,-417,507,-1031,-495,343,-1164,-416,111,-1260,-368,75,-998,-372,75,-1010,92,689,-958,-21,529,-1036,49,343,-1184,-40,110,-1273,-114,67,-1007,-78,71
1.217,203.8,-4.1,1124.9,-0.4,-0.3,3.7,-557,-242,1442,-574,-342,1344,-592,-146,1345,-738,-428,1175,-811,-122,1285,-719,-37,1212,-1087,-528,1110,-1302,-539,891,-1053,91,1130,-1271,123,922,-1125,-365,913,-1343,-239,1011,-1130,-87,917,-1017,-525,654,-942,-416,502,-1024,-495,340,-1163,-415,111,-1260,-368,76,-998,-372,74,-1003,94,684,-947,-19,524,-1029,50,340,-1183,-41,111,-1273,-114,68,-1006,-78,70
1.233,201.5,-1.6,1159.4,-0.4,-0.3,3.4,-549,-241,1422,-565,-340,1324,-584,-145,1325,-729,-425,1154,-802,-119,1265,-709,-36,1190,-1076,-530,1085,-1295,-543,871,-1042,95,1102,-1261,131,897,-1118,-366,900,-1338,-239,998,-1125,-86,905,-1007,-525,647,-931,-415,496,-1017,-494,337,-1162,-415,112,-1259,-367,77,-997,-372,72,-995,96,678,-936,-17,519,-1021,51,336,-1181,-41,112,-1271,-115,71,-1005,-78,68
1.25,213.6,2.4,1217.5,-0.4,-0.3,3.8,-542,-240,1405,-558,-339,1307,-576,-144,1308,-720,-423,1135,-794,-117,1247,-701,-35,1171,-1065,-533,1060,-1285,-548,847,-1031,99,1075,-1249,139,870,-1110,-366,888,-1331,-239,985,-1117,-83,894,-996,-524,640,-919,-414,489,-1009,-494,333,-1160,-415,112,-1258,-367,78,-997,-372,71,-987,98,672,-924,-15,514,-1013,52,333,-1179,-41,114,-1270,-116,74,-1004,-77,67
1.267,224.9,4.5,1313.3,-0.4,-0.3,3.7,-536,-238,1393,-551,-337,1294,-570,-142,1296,-711,-420,1120,-787,-114,1233,-693,-34,1155,-1053,-536,1035,-1272,-555,821,-1020,103,1048,-1232,148,839,-1102,-366,876,-1324,-240,973,-1107,-82,883,-984,-524,632,-906,-413,483,-1000,-493,329,-1159,-414,113,-1257,-366,80,-996,-372,69,-978,100,666,-911,-14,508,-1005,52,330,-1177,-42,116,-1268,-117,78,-1003,-77,65
1.283,226.3,5.7,1430.3,-0.4,-0.4,3.4,-531,-236,1384,-545,-336,1286,-564,-141,1287,-703,-418,1108,-782,-112,1221,-686,-32,1144,-1041,-539,1010,-1254,-562,791,-1008,108,1021,-1212,159,807,-1092,-366,865,-1316,-240,960,-1099,-82,872,-972,-523,623,-893,-412,476,-991,-491,325,-1157,-413,115,-1256,-364,82,-995,-371,68,-967,101,659,-898,-12,502,-995,53,327,-1175,-42,119,-1266,-117,82,-1002,-77,64
1.3,222.3,6.5,1546.2,-0.4,-0.4,3.5,-527,-235,1381,-540,-334,1282,-559,-139,1283,-696,-415,1100,-778,-110,1213,-680,-31,1137,-1028,-543,986,-1231,-569,759,-996,113,997,-1186,170,772,-1081,-366,855,-1306,-240,948,-1086,-81,864,-958,-521,614,-879,-410,469,-981,-489,321,-1154,-412,117,-1255,-363,86,-993,-371,67,-956,102,651,-883,-12,495,-986,52,323,-1172,-42,122,-1264,-118,87,-1001,-77,63
1.317,220.9,-0.5,1647.9,-0.4,-0.3,3.7,-524,-233,1382,-536,-332,1283,-555,-137,1284,-689,-413,1097,-775,-108,1210,-676,-29,1135,-1013,-547,963,-1202,-576,725,-982,119,974,-1153,181,735,-1069,-365,846,-1296,-240,937,-1077,-81,855,-944,-519,606,-865,-408,462,-971,-486,317,-1151,-411,120,-1253,-361,90,-992,-371,66,-943,101,643,-869,-13,488,-976,51,320,-1169,-43,124,-1262,-119,92,-1001,-77,62
1.333,221,-10.2,1738,-0.4,-0.3,3.6,-522,-230,1389,-532,-330,1290,-552,-135,1290,-683,-411,1099,-773,-107,1210,-673,-27,1137,-996,-551,943,-1164,-582,691,-967,124,953,-1112,191,700,-1058,-364,839,-1284,-240,927,-1063,-81,847,-929,-516,597,-851,-404,456,-961,-483,314,-1148,-410,123,-1250,-359,96,-990,-371,65,-930,99,634,-855,-14,480,-967,49,316,-1166,-44,127,-1260,-119,97,-1001,-77,61
1.35,232.5,-16.6,1820,-0.4,-0.3,3.7,-522,-228,1400,-530,-328,1302,-551,-133,1300,-677,-409,1106,-772,-106,1215,-671,-26,1145,-975,-556,928,-1117,-587,660,-949,129,937,-1061,198,668,-1045,-363,834,-1272,-240,920,-1048,-82,842,-914,-513,590,-836,-399,450,-951,-479,312,-1145,-408,128,-1247,-357,103,-989,-370,65,-916,97,626,-842,-17,473,-958,47,312,-1163,-44,130,-1258,-120,102,-1000,-77,61
1.367,244.7,-24.7,1865.3,-0.4,-0.3,3.5,-524,-226,1417,-530,-326,1318,-551,-131,1316,-672,-408,1119,-772,-106,1223,-670,-24,1157,-952,-559,917,-1059,-590,633,-929,133,926,-1000,202,642,-1031,-362,830,-1258,-240,914,-1034,-82,839,-898,-509,582,-823,-394,444,-941,-475,309,-1141,-406,132,-1244,-355,109,-988,-370,65,-901,95,618,-830,-20,466,-949,45,309,-1160,-45,133,-1256,-120,107,-1000,-78,61
1.383,237.7,-28,1895.4,-0.4,-0.3,3.6,-527,-224,1438,-531,-324,1340,-552,-130,1336,-666,-406,1136,-772,-105,1234,-668,-23,1173,-926,-563,912,-991,-589,616,-905,137,920,-929,201,627,-1016,-361,830,-1243,-240,911,-1018,-82,838,-884,-504,575,-811,-389,439,-932,-470,306,-1138,-404,135,-1242,-353,115,-987,-370,65,-887,92,612,-817,-23,460,-940,42,306,-1157,-46,136,-1253,-121,113,-999,-78,61
1.4,233.1,-29.9,1950.9,-0.4,-0.2,3.9,-531,-221,1463,-532,-323,1365,-553,-128,1360,-661,-405,1158,-772,-105,1248,-664,-23,1193,-898,-566,914,-912,-584,612,-878,142,922,-851,193,626,-998,-361,832,-1227,-240,910,-1002,-82,840,-870,-500,568,-801,-384,433,-925,-466,303,-1135,-402,138,-1239,-351,119,-986,-370,64,-872,89,606,-806,-26,454,-932,40,304,-1153,-47,140,-1250,-121,119,-999,-78,61
1.417,248.1,-28,2057.3,-0.4,-0.2,3.4,-535,-219,1491,-534,-321,1394,-555,-126,1388,-654,-404,1184,-771,-104,1266,-659,-22,1218,-869,-568,923,-827,-574,626,-847,148,931,-766,179,642,-979,-361,837,-1210,-241,913,-985,-81,845,-857,-497,562,-793,-380,427,-919,-462,299,-1133,-400,140,-1237,-350,122,-986,-370,64,-857,87,602,-795,-30,450,-924,37,303,-1150,-48,143,-1247,-122,125,-998,-78,62
1.433,303.2,-15.7,2196.6,-0.4,-0.3,3.4,-538,-217,1523,-536,-320,1427,-556,-125,1419,-648,-403,1215,-770,-103,1288,-653,-22,1248,-839,-570,938,-739,-560,659,-813,154,946,-681,158,677,-958,-361,845,-1190,-241,919,-965,-81,854,-846,-494,557,-787,-377,421,-915,-459,296,-1132,-398,141,-1236,-348,124,-985,-370,64,-843,85,600,-785,-32,447,-918,35,302,-1146,-49,147,-1244,-124,131,-998,-78,62
1.45,384.5,8,2312.5,-0.4,-0.4,3.8,-540,-216,1559,-536,-318,1463,-556,-123,1454,-641,-402,1251,-767,-102,1313,-647,-23,1282,-809,-572,960,-654,-542,714,-776,159,969,-600,132,730,-935,-360,857,-1168,-242,929,-944,-80,865,-834,-491,554,-782,-375,417,-911,-457,293,-1130,-398,143,-1235,-348,126,-985,-370,64,-830,83,598,-777,-34,445,-912,33,302,-1142,-50,150,-1240,-125,136,-997,-78,62
1.467,447.4,34.4,2376.3,-0.3,-0.3,3.6,-540,-215,1597,-535,-317,1502,-555,-123,1492,-633,-401,1292,-763,-101,1343,-639,-24,1321,-778,-572,989,-577,-521,787,-738,163,1000,-528,103,800,-910,-360,872,-1143,-242,942,-919,-79,881,-823,-490,555,-777,-375,415,-908,-456,292,-1129,-398,144,-1234,-348,130,-985,-370,64,-817,83,600,-770,-34,445,-908,32,304,-1139,-52,154,-1236,-127,142,-997,-78,62
1.483,479.5,51.5,2377.3,-0.4,-0.3,3.9,-538,-214,1639,-531,-316,1544,-551,-122,1534,-625,-400,1337,-758,-100,1376,-631,-25,1365,-746,-571,1024,-512,-499,874,-700,165,1037,-466,73,882,-881,-359,892,-1114,-243,960,-892,-78,901,-811,-489,561,-773,-376,416,-904,-456,293,-1126,-399,146,-1231,-349,135,-985,-371,64,-805,84,604,-764,-33,448,-904,33,308,-1135,-52,158,-1231,-128,149,-997,-78,62
1.5,490.3,59.4,2337.2,-0.4,-0.3,3.6,-533,-214,1685,-526,-316,1589,-546,-122,1579,-616,-399,1386,-752,-100,1414,-623,-26,1414,-715,-569,1065,-463,-478,970,-663,163,1081,-418,43,971,-848,-359,916,-1080,-244,982,-860,-76,925,-798,-490,571,-770,-379,422,-901,-458,298,-1123,-400,150,-1227,-351,142,-985,-371,64,-793,86,613,-759,-29,455,-900,36,315,-1129,-51,163,-1225,-127,158,-997,-78,62
1.517,490,61.2,2241.1,-0.4,-0.3,3.6,-525,-214,1733,-518,-316,1637,-537,-122,1628,-606,-398,1438,-745,-100,1455,-615,-27,1466,-686,-565,1111,-427,-458,1068,-628,160,1130,-382,17,1063,-810,-359,945,-1042,-244,1009,-825,-75,953,-785,-492,588,-767,-383,433,-897,-462,307,-1117,-402,154,-1221,-353,152,-985,-371,64,-781,90,627,-755,-23,467,-896,41,325,-1122,-49,169,-1216,-125,169,-998,-78,62
1.533,481.8,51.9,2058.9,-0.3,-0.3,3.6,-513,-215,1784,-508,-316,1688,-526,-122,1680,-595,-397,1492,-736,-100,1500,-606,-28,1520,-660,-562,1162,-404,-441,1162,-598,155,1183,-356,-7,1153,-768,-358,978,-999,-243,1039,-785,-73,987,-771,-495,612,-765,-389,451,-893,-467,321,-1108,-405,161,-1210,-355,165,-985,-372,64,-770,94,647,-753,-16,485,-891,47,340,-1112,-44,177,-1203,-121,182,-997,-77,62
1.55,467.1,31.5,1705.1,-0.4,-0.3,3.8,-499,-216,1836,-496,-317,1739,-513,-122,1732,-584,-398,1545,-725,-101,1547,-598,-28,1575,-637,-558,1214,-389,-427,1248,-572,150,1236,-338,-26,1237,-722,-356,1016,-952,-242,1073,-740,-71,1025,-755,-499,643,-763,-395,477,-887,-473,343,-1095,-408,172,-1193,-357,183,-983,-372,64,-758,98,673,-751,-8,509,-886,54,360,-1097,-39,186,-1185,-115,200,-994,-76,62
1.567,395.2,14.2,1172.2,-0.4,-0.3,3.6,-482,-217,1887,-482,-318,1790,-499,-123,1784,-573,-399,1598,-714,-102,1595,-589,-28,1628,-618,-555,1265,-378,-416,1324,-549,145,1289,-324,-41,1313,-675,-354,1056,-903,-240,1110,-691,-70,1067,-736,-502,680,-758,-401,510,-877,-478,371,-1073,-412,187,-1166,-360,207,-979,-373,64,-743,101,705,-748,-3,541,-877,60,386,-1077,-32,200,-1161,-108,222,-988,-74,63
1.583,273.8,11.1,600.9,-0.4,-0.3,3.8,-464,-217,1935,-466,-318,1838,-484,-123,1833,-562,-402,1648,-701,-103,1642,-579,-27,1678,-600,-553,1314,-367,-408,1386,-529,141,1340,-313,-52,1379,-628,-351,1099,-854,-237,1149,-643,-67,1110,-713,-504,721,-749,-405,550,-861,-482,405,-1044,-416,208,-1131,-364,238,-968,-373,66,-723,102,741,-741,0,578,-862,64,418,-1050,-25,218,-1129,-99,250,-977,-72,66
1.6,106.8,3.1,171.1,-0.4,-0.2,3.7,-445,-218,1981,-450,-319,1884,-468,-124,1879,-551,-406,1694,-688,-105,1687,-569,-26,1725,-584,-551,1358,-354,-404,1434,-510,138,1386,-301,-61,1435,-584,-348,1141,-808,-235,1190,-600,-63,1153,-685,-503,764,-731,-406,593,-837,-485,442,-1008,-420,234,-1088,-367,275,-951,-374,72,-697,101,779,-726,-2,618,-840,65,452,-1017,-18,241,-1092,-91,284,-959,-70,73
1.617,3.9,-0.6,13.6,-0.3,-0.3,3.4,-426,-219,2023,-433,-319,1926,-450,-124,1921,-539,-410,1736,-674,-107,1728,-557,-25,1766,-569,-549,1396,-336,-402,1467,-491,136,1428,-288,-66,1480,-545,-346,1183,-767,-232,1230,-561,-61,1194,-653,-499,805,-704,-403,634,-803,-484,479,-967,-423,266,-1041,-370,316,-927,-374,86,-664,98,816,-702,-7,658,-810,65,488,-981,-14,270,-1053,-85,320,-935,-69,88
1.633,0.5,-0.4,7.4,-0.4,-0.3,3.7,-407,-219,2062,-414,-320,1964,-431,-125,1960,-523,-414,1771,-657,-108,1764,-542,-24,1802,-553,-549,1430,-314,-405,1486,-473,136,1465,-272,-69,1515,-511,-344,1222,-733,-229,1269,-527,-61,1231,-616,-494,843,-667,-397,673,-763,-480,515,-925,-423,302,-996,-371,357,-895,-375,109,-626,94,852,-670,-12,695,-774,63,522,-943,-12,303,-1013,-81,357,-905,-69,111
1.65,0.4,-0.4,7.2,-0.3,-0.3,3.4,-385,-220,2097,-392,-320,1999,-410,-126,1996,-503,-416,1803,-637,-107,1797,-523,-22,1834,-537,-548,1459,-288,-410,1493,-454,137,1497,-254,-70,1539,-482,-343,1260,-703,-226,1305,-497,-61,1265,-576,-488,877,-625,-391,707,-720,-476,549,-882,-421,338,-952,-369,394,-858,-377,139,-586,90,885,-633,-17,729,-735,60,555,-904,-12,335,-974,-80,391,-868,-70,138
1.667,0.4,-0.3,7.2,-0.2,-0.2,3.8,-361,-221,2130,-368,-321,2032,-385,-126,2030,-478,-416,1831,-613,-105,1827,-499,-20,1864,-520,-546,1485,-260,-419,1488,-436,139,1525,-233,-69,1554,-457,-343,1295,-678,-223,1336,-470,-62,1300,-537,-484,909,-582,-386,739,-676,-470,580,-839,-416,372,-908,-363,425,-814,-378,172,-548,87,916,-595,-21,760,-695,57,585,-863,-14,364,-934,-82,419,-825,-71,166
1.683,0.4,-0.3,7.1,-0.3,-0.3,3.8,-333,-223,2160,-342,-322,2062,-358,-127,2061,-450,-416,1857,-586,-103,1855,-472,-18,1891,-501,-543,1510,-233,-430,1476,-417,142,1550,-210,-65,1560,-434,-343,1327,-656,-221,1363,-446,-61,1331,-501,-481,939,-541,-383,768,-634,-466,609,-794,-410,399,-863,-354,449,-761,-378,202,-513,85,945,-559,-23,790,-656,55,613,-820,-17,389,-892,-86,440,-773,-72,192
1.7,0.3,-0.2,7.1,-0.4,-0.3,3.8,-302,-223,2187,-313,-323,2089,-328,-127,2089,-422,-415,1882,-557,-100,1884,-442,-15,1916,-479,-539,1534,-210,-443,1457,-399,143,1573,-186,-59,1560,-413,-342,1356,-636,-219,1386,-424,-59,1359,-471,-481,967,-504,-381,796,-594,-463,635,-745,-403,419,-815,-344,463,-699,-376,227,-484,86,973,-526,-23,818,-618,54,637,-774,-20,408,-847,-91,453,-714,-72,215
1.717,0.3,-0.2,6.9,-0.4,-0.3,3.6,-270,-224,2212,-282,-323,2113,-296,-127,2114,-393,-414,1905,-526,-99,1913,-410,-14,1939,-455,-534,1557,-192,-457,1436,-380,144,1595,-163,-51,1555,-392,-342,1383,-615,-217,1408,-402,-59,1384,-446,-482,994,-471,-382,822,-554,-461,657,-692,-396,432,-764,-335,469,-628,-372,248,-457,87,998,-495,-22,843,-581,54,659,-723,-23,421,-799,-96,460,-648,-72,235
1.733,0.3,-0.1,6.7,-0.3,-0.3,3.6,-236,-225,2232,-250,-323,2133,-263,-128,2135,-365,-413,1926,-495,-98,1939,-377,-13,1960,-427,-529,1579,-180,-469,1415,-362,144,1615,-141,-42,1545,-372,-341,1407,-595,-215,1430,-379,-60,1406,-423,-483,1018,-440,-383,845,-514,-460,675,-635,-391,441,-710,-328,468,-550,-365,266,-433,89,1022,-466,-20,866,-543,55,678,-669,-25,430,-747,-100,461,-576,-71,253
1.75,0.3,-0.2,6.9,-0.4,-0.3,3.6,-201,-225,2249,-217,-323,2150,-230,-127,2152,-336,-412,1944,-463,-97,1962,-344,-12,1979,-399,-526,1599,-173,-481,1396,-343,143,1633,-123,-30,1533,-353,-339,1428,-574,-214,1450,-357,-60,1427,-400,-484,1040,-409,-384,866,-472,-460,691,-573,-386,446,-653,-324,465,-468,-358,284,-409,92,1042,-438,-18,886,-505,56,694,-612,-26,437,-691,-103,460,-501,-69,270
1.767,0.3,-0.2,6.2,-0.4,-0.3,4,-166,-225,2263,-184,-323,2164,-196,-127,2166,-306,-411,1959,-431,-96,1981,-311,-12,1995,-370,-524,1616,-170,-490,1381,-324,142,1649,-108,-18,1520,-334,-338,1446,-554,-212,1470,-338,-57,1445,-377,-485,1058,-376,-384,883,-427,-459,704,-509,-384,450,-592,-322,461,-386,-351,302,-384,94,1060,-409,-16,903,-464,57,707,-552,-26,443,-633,-105,458,-426,-67,287
1.783,0.3,-0.1,6.3,-0.4,-0.3,3.6,-131,-224,2273,-151,-322,2175,-161,-127,2176,-274,-410,1970,-399,-95,1995,-279,-11,2007,-343,-524,1629,-169,-497,1371,-305,141,1662,-96,-5,1506,-315,-336,1460,-533,-209,1486,-320,-52,1460,-351,-485,1072,-342,-383,898,-380,-458,715,-443,-382,456,-528,-322,459,-306,-346,319,-357,96,1075,-380,-15,917,-421,59,718,-490,-25,449,-572,-104,455,-351,-65,303
1.8,0.3,-0.1,6.4,-0.3,-0.3,3.6,-95,-224,2279,-117,-322,2182,-127,-126,2182,-241,-408,1977,-367,-94,2005,-247,-11,2016,-318,-524,1638,-169,-502,1363,-286,141,1672,-87,7,1493,-295,-335,1471,-513,-207,1499,-295,-56,1471,-324,-484,1084,-308,-382,910,-332,-458,725,-377,-381,461,-463,-322,459,-230,-344,335,-330,98,1087,-348,-14,928,-376,60,728,-427,-23,454,-510,-102,454,-278,-63,318
1.817,0.3,-0.1,6.3,-0.4,-0.3,3.9,-60,-223,2282,-83,-322,2185,-92,-126,2186,-208,-406,1982,-336,-94,2012,-216,-10,2021,-295,-526,1644,-170,-506,1358,-268,143,1680,-79,20,1481,-275,-333,1479,-492,-205,1508,-274,-55,1480,-296,-484,1094,-273,-380,920,-285,-457,734,-311,-380,468,-396,-321,462,-158,-344,348,-300,99,1096,-316,-12,937,-330,62,736,-364,-21,458,-448,-99,453,-208,-62,333
1.833,0.3,-0.1,6.2,-0.4,-0.3,3.6,-24,-223,2282,-49,-321,2185,-58,-125,2186,-176,-405,1983,-306,-95,2015,-185,-10,2022,-274,-528,1648,-169,-508,1353,-251,145,1685,-73,33,1471,-254,-332,1484,-472,-204,1512,-253,-54,1486,-267,-483,1101,-239,-380,927,-240,-457,741,-247,-380,474,-330,-318,465,-89,-347,361,-269,100,1103,-282,-11,943,-284,64,742,-302,-18,463,-387,-96,453,-139,-62,346
1.85,0.3,-0.2,6.2,-0.4,-0.3,3.7,11,-222,2278,-16,-321,2182,-24,-125,2183,-145,-404,1982,-275,-96,2017,-155,-9,2021,-254,-529,1650,-168,-509,1350,-234,148,1688,-66,45,1460,-233,-331,1485,-451,-203,1513,-230,-55,1488,-237,-483,1105,-205,-379,932,-197,-457,746,-185,-379,479,-265,-315,467,-22,-350,373,-237,102,1108,-248,-8,947,-238,67,746,-242,-16,466,-327,-93,453,-74,-62,358
1.867,0.3,-0.1,5.9,-0.3,-0.3,3.9,46,-222,2272,18,-320,2176,9,-124,2177,-115,-404,1979,-244,-96,2015,-125,-9,2016,-234,-530,1650,-165,-510,1345,-217,152,1689,-60,57,1450,-211,-330,1483,-430,-202,1511,-209,-53,1487,-208,-482,1107,-172,-379,934,-154,-456,748,-126,-378,482,-203,-311,467,43,-352,384,-205,104,1110,-213,-6,948,-193,69,748,-184,-14,467,-269,-90,452,-11,-62,368
1.883,0.3,-0.1,6,-0.3,-0.2,3.8,80,-221,2262,50,-320,2167,42,-124,2168,-86,-404,1972,-214,-96,2010,-96,-9,2009,-214,-530,1648,-162,-510,1341,-200,156,1689,-53,69,1440,-188,-329,1479,-408,-201,1505,-187,-52,1484,-178,-482,1105,-139,-379,932,-113,-456,748,-69,-377,483,-145,-308,465,105,-353,395,-173,106,1109,-178,-3,947,-149,72,748,-128,-11,467,-213,-87,450,48,-63,375
1.9,0.2,-0.1,6,-0.3,-0.3,3.7,113,-220,2250,82,-319,2155,74,-123,2156,-56,-403,1963,-184,-96,2002,-67,-10,2000,-195,-530,1645,-157,-510,1335,-183,161,1687,-46,79,1430,-165,-328,1471,-385,-201,1497,-164,-51,1478,-149,-481,1100,-105,-379,928,-72,-456,745,-15,-376,482,-89,-307,460,164,-352,403,-141,109,1106,-142,0,943,-106,75,746,-75,-8,465,-159,-83,446,104,-64,379
1.917,0.3,-0.1,6,-0.3,-0.3,3.5,145,-220,2235,113,-318,2141,104,-122,2142,-27,-403,1951,-156,-96,1991,-39,-10,1988,-176,-530,1639,-151,-509,1328,-166,166,1682,-39,89,1419,-140,-326,1461,-362,-200,1486,-141,-50,1468,-120,-481,1092,-70,-378,921,-31,-456,739,37,-375,478,-37,-307,454,220,-350,406,-111,111,1099,-106,2,936,-64,77,740,-23,-6,461,-107,-80,439,158,-63,380
1.933,0.3,-0.1,5.9,-0.4,-0.3,4,176,-219,2219,143,-317,2124,134,-121,2126,2,-402,1935,-129,-97,1977,-12,-10,1974,-159,-530,1632,-143,-508,1319,-149,171,1676,-30,98,1409,-115,-325,1448,-337,-199,1472,-117,-48,1455,-91,-480,1080,-35,-378,910,9,-455,730,85,-375,472,12,-307,446,272,-347,405,-80,114,1089,-70,5,927,-21,80,732,27,-3,453,-57,-76,430,209,-62,378
1.95,0.2,-0.1,5.8,-0.4,-0.3,3.8,205,-218,2199,172,-316,2106,163,-120,2107,30,-400,1917,-103,-98,1960,12,-9,1958,-144,-530,1622,-133,-507,1309,-133,176,1667,-21,106,1397,-90,-323,1432,-312,-198,1455,-92,-47,1440,-61,-480,1064,0,-377,898,49,-455,718,131,-375,462,58,-308,435,320,-345,397,-50,116,1075,-32,7,915,21,82,721,74,0,443,-9,-73,419,258,-60,371
1.967,0.2,-0.1,5.8,-0.3,-0.4,3.9,233,-216,2178,199,-315,2085,190,-119,2086,58,-399,1896,-79,-99,1940,35,-10,1940,-129,-531,1609,-122,-505,1298,-118,180,1658,-11,114,1385,-63,-322,1414,-287,-197,1434,-66,-46,1422,-29,-479,1046,36,-377,882,89,-454,704,174,-375,448,101,-308,422,364,-343,385,-18,118,1058,6,8,900,63,84,708,120,3,430,37,-70,404,305,-58,360
1.983,0.2,-0.1,5.8,-0.4,-0.3,3.9,259,-215,2156,225,-314,2062,216,-118,2063,84,-398,1874,-55,-101,1919,57,-10,1920,-115,-532,1594,-109,-503,1284,-103,185,1646,1,120,1372,-37,-321,1392,-261,-196,1410,-40,-45,1401,3,-478,1025,72,-376,863,127,-454,686,214,-375,431,141,-309,405,405,-342,367,16,119,1039,46,9,882,104,86,691,165,6,414,81,-67,387,350,-56,344
2,0.2,-0.1,5.7,-0.4,-0.4,3.9,285,-214,2131,251,-313,2037,241,-117,2039,110,-397,1849,-31,-102,1895,78,-10,1897,-100,-532,1577,-94,-501,1268,-89,189,1634,13,127,1358,-10,-320,1367,-235,-195,1382,-14,-44,1376,37,-477,1002,109,-374,842,166,-453,665,253,-375,410,178,-310,385,443,-340,344,51,121,1018,86,10,862,145,88,671,208,9,394,124,-63,368,392,-53,325
2.017,0.2,-0.1,5.7,-0.4,-0.3,3.4,308,-213,2104,275,-312,2010,264,-116,2012,134,-397,1823,-9,-104,1868,99,-11,1873,-85,-531,1558,-76,-498,1249,-75,192,1619,25,133,1342,18,-319,1340,-208,-194,1351,14,-43,1349,72,-476,976,147,-373,818,204,-452,641,289,-375,386,214,-311,362,478,-338,317,89,122,994,126,12,839,186,90,649,249,12,371,164,-60,345,433,-52,301
2.033,0.2,-0.1,5.5,-0.4,-0.3,3.8,331,-212,2075,298,-310,1981,286,-114,1983,158,-396,1795,14,-105,1839,119,-12,1846,-68,-529,1536,-58,-496,1227,-61,196,1602,39,138,1324,46,-318,1310,-180,-193,1317,42,-42,1319,109,-474,949,187,-371,791,243,-450,614,324,-374,359,247,-313,336,510,-334,283,127,122,968,166,13,813,226,91,622,288,14,345,203,-57,319,471,-50,271
2.05,0.2,-0.1,5.7,-0.4,-0.3,3.7,352,-210,2044,319,-309,1950,307,-113,1952,181,-395,1764,35,-106,1807,140,-13,1816,-51,-527,1512,-37,-494,1201,-48,198,1583,53,143,1304,74,-317,1277,-151,-192,1279,70,-41,1286,147,-472,919,227,-369,762,282,-448,584,356,-373,328,278,-314,307,539,-330,244,166,123,938,207,14,784,266,92,592,326,16,314,240,-54,290,507,-49,237
2.067,0.2,-0.1,5.8,-0.4,-0.4,4,371,-209,2010,339,-308,1916,327,-112,1918,202,-393,1731,56,-106,1771,160,-14,1784,-32,-524,1483,-15,-492,1172,-34,200,1561,68,147,1282,103,-316,1241,-121,-191,1239,100,-41,1251,187,-470,887,268,-366,730,321,-445,551,386,-371,293,306,-314,274,565,-325,201,205,123,905,248,14,750,305,93,558,361,18,280,274,-51,256,540,-48,197
2.083,0.2,0,5.4,-0.4,-0.3,3.8,390,-208,1974,358,-306,1879,345,-111,1882,222,-391,1695,76,-107,1732,179,-15,1749,-13,-521,1450,8,-490,1140,-20,202,1536,85,152,1256,133,-315,1203,-91,-189,1195,131,-40,1213,229,-467,852,310,-364,695,359,-442,514,413,-369,255,329,-314,238,587,-320,157,244,123,869,289,15,714,344,94,520,393,20,242,304,-48,219,569,-46,156
2.1,0.2,-0.1,5.3,-0.4,-0.3,4.1,406,-207,1936,376,-305,1841,363,-110,1844,240,-389,1657,95,-106,1689,198,-15,1711,7,-518,1413,33,-488,1103,-6,204,1507,102,157,1227,163,-315,1161,-60,-188,1148,162,-39,1172,272,-464,814,353,-361,657,396,-438,475,433,-366,215,346,-314,199,604,-315,117,284,123,830,331,15,675,381,93,481,418,21,202,326,-45,179,592,-45,117
2.117,0.5,0.1,4.2,-391,-34.9,1013.5,422,-206,1897,393,-304,1801,381,-108,1804,257,-386,1616,115,-105,1644,217,-15,1670,25,-515,1371,59,-486,1063,8,205,1474,120,162,1194,193,-314,1118,-31,-186,1100,193,-39,1129,315,-461,774,398,-360,621,430,-434,438,444,-363,178,353,-312,159,615,-309,87,325,123,791,375,14,637,416,92,443,434,21,165,340,-42,139,607,-44,86
2.133,0.2,0,7.3,-470.7,-39.5,2062.3,437,-204,1857,410,-303,1761,398,-107,1764,274,-385,1573,135,-104,1599,236,-14,1627,44,-513,1325,86,-484,1019,23,205,1436,140,168,1158,220,-313,1074,-5,-185,1051,224,-38,1084,358,-458,737,443,-358,589,461,-431,405,446,-360,148,353,-311,124,619,-306,69,368,123,757,423,14,606,450,90,411,440,21,136,344,-40,106,613,-44,67
2.15,0.3,-0.6,3.5,-161.6,-121.6,2896.8,453,-203,1819,427,-302,1722,415,-106,1724,291,-384,1530,154,-102,1556,255,-11,1584,64,-511,1276,115,-482,973,39,205,1395,160,175,1118,243,-313,1032,17,-183,1006,250,-35,1038,398,-457,706,489,-357,565,488,-428,381,443,-359,128,348,-310,100,617,-305,61,411,123,731,473,14,585,483,88,389,439,19,118,343,-39,84,615,-45,58
2.167,0.2,-0.4,6.4,-678.3,-43.5,2492.1,468,-203,1782,445,-301,1685,433,-105,1687,309,-385,1488,174,-100,1517,275,-9,1543,84,-508,1225,145,-480,925,57,204,1352,182,182,1075,262,-312,996,35,-182,965,264,-33,999,434,-457,683,531,-357,551,513,-427,368,439,-358,120,343,-308,88,615,-305,60,451,124,715,522,14,574,514,87,378,438,17,112,341,-41,75,614,-45,55
2.183,0.3,-0.1,4.6,-753.5,-49.5,1869.2,485,-202,1750,463,-301,1652,451,-105,1653,327,-385,1452,193,-98,1485,294,-6,1507,107,-505,1176,175,-479,880,77,202,1307,204,189,1030,278,-312,966,51,-180,930,281,-33,965,463,-458,668,566,-357,544,534,-428,362,438,-357,119,341,-307,85,613,-306,62,483,126,704,564,15,570,540,86,373,439,15,114,340,-44,75,614,-46,56
2.2,0.3,0.4,4.9,-753.2,-75.8,1887.9,502,-203,1722,481,-301,1624,469,-106,1625,344,-386,1421,210,-96,1458,312,-4,1478,132,-501,1132,207,-478,839,100,198,1263,226,196,985,291,-311,941,65,-177,901,297,-33,936,485,-460,656,594,-359,540,549,-430,360,438,-357,121,341,-305,87,613,-306,64,507,129,693,596,17,565,560,86,369,440,14,118,339,-48,78,614,-46,56
2.217,0.3,0.3,5.4,-664.3,-57.5,2032.2,517,-204,1700,496,-302,1601,484,-107,1603,359,-386,1398,225,-94,1437,329,-1,1454,158,-497,1096,238,-477,806,124,194,1223,249,202,944,303,-311,921,78,-175,879,312,-32,914,501,-464,645,613,-363,533,559,-434,357,439,-358,123,341,-305,89,613,-307,65,525,132,681,618,20,556,573,87,364,441,12,121,339,-52,81,614,-46,57
2.233,0.1,0,4.9,-539.1,-25.7,2066.8,528,-206,1683,508,-303,1584,497,-108,1587,370,-385,1381,239,-91,1420,344,1,1435,184,-494,1069,269,-475,781,149,191,1187,271,206,908,315,-310,905,90,-174,862,325,-32,896,513,-467,635,626,-368,524,564,-437,352,439,-358,123,341,-305,89,611,-308,66,540,135,671,634,23,547,581,88,357,441,11,123,339,-55,82,614,-46,58
2.25,0.2,-0.3,5.2,-422.7,-16.5,1951.2,536,-207,1673,516,-304,1573,507,-108,1576,379,-385,1369,251,-88,1405,358,3,1421,206,-492,1049,298,-474,765,172,188,1158,293,209,879,326,-309,891,102,-173,850,337,-31,882,523,-471,627,637,-373,514,568,-441,346,438,-359,122,340,-305,87,608,-309,66,554,137,664,647,24,538,587,89,350,441,10,123,339,-57,82,613,-46,58
2.267,0.1,-0.3,5,-316.1,-20.8,1732.4,539,-208,1666,521,-304,1566,514,-109,1569,387,-383,1361,263,-85,1393,371,5,1410,225,-491,1036,326,-473,757,194,187,1136,315,210,858,337,-308,880,112,-172,840,347,-30,871,533,-474,622,646,-376,506,572,-444,341,437,-359,120,339,-306,86,606,-310,66,566,138,660,658,25,531,593,89,345,441,10,122,338,-57,81,613,-46,58
2.283,0.2,-0.2,4.9,-331,-17,1567.2,539,-208,1663,524,-304,1562,520,-108,1565,395,-382,1355,274,-81,1384,383,7,1401,240,-490,1028,352,-471,755,214,186,1119,337,209,844,346,-308,872,122,-172,834,356,-29,862,542,-476,618,654,-377,501,575,-445,337,437,-360,119,339,-306,84,605,-311,66,576,138,656,667,24,525,598,90,340,440,10,122,338,-58,81,613,-46,58
2.3,0.2,0,5,-326.7,-14.9,1495.2,539,-206,1662,526,-303,1561,524,-107,1563,402,-380,1352,284,-78,1377,394,9,1395,251,-489,1023,376,-469,757,232,187,1107,361,206,835,355,-308,867,131,-172,829,365,-29,856,550,-478,615,662,-378,496,579,-446,335,437,-360,119,339,-306,84,604,-311,66,584,138,649,675,23,520,602,89,337,440,9,121,338,-58,80,612,-46,58
2.317,0.1,0,4.9,-272.9,-14.2,1493.4,539,-204,1663,529,-301,1562,528,-105,1563,409,-378,1351,294,-74,1373,405,11,1392,260,-488,1021,397,-468,762,249,188,1100,384,203,831,364,-308,864,139,-171,827,374,-29,853,557,-478,611,668,-378,493,582,-446,333,437,-360,119,339,-306,84,604,-311,66,591,137,642,683,21,514,606,88,333,440,9,120,337,-58,79,612,-46,58
2.333,0.2,0.1,4.8,-227.4,-6.2,1510.1,540,-201,1664,532,-299,1564,533,-103,1564,415,-376,1352,302,-71,1372,414,13,1391,268,-487,1022,415,-467,768,264,190,1095,407,200,831,372,-308,863,147,-171,827,383,-29,851,563,-478,607,674,-378,490,585,-446,332,437,-360,119,339,-306,84,604,-311,66,597,135,636,689,18,509,609,86,330,439,9,120,337,-58,78,612,-46,59
2.35,0.2,0,4.9,-213.1,-1.5,1467.7,543,-198,1667,536,-296,1567,537,-100,1566,420,-373,1355,309,-69,1372,421,15,1391,276,-486,1024,431,-467,775,278,192,1092,429,197,832,380,-308,864,155,-171,829,391,-30,852,569,-477,605,678,-377,487,588,-446,330,438,-359,119,339,-306,85,604,-311,66,604,133,632,695,16,505,612,84,328,439,8,120,336,-58,77,612,-46,59
2.367,0.2,0,5.1,-223.6,-11.6,1390.3,547,-195,1672,540,-293,1572,542,-97,1570,424,-371,1359,315,-66,1374,428,18,1394,283,-485,1028,444,-467,782,291,194,1091,449,194,836,388,-308,867,162,-171,833,399,-30,855,574,-477,604,682,-377,485,590,-445,329,438,-359,120,339,-305,85,604,-311,66,611,130,631,699,12,503,615,82,326,439,8,120,336,-58,77,611,-46,59
2.383,0.1,-0.1,4.5,-212.5,-22,1340.4,550,-192,1677,543,-290,1578,546,-94,1576,429,-369,1365,320,-63,1377,433,20,1398,290,-484,1033,454,-468,789,304,196,1091,468,190,841,394,-309,871,169,-171,839,406,-30,859,578,-477,604,684,-377,484,592,-445,329,438,-359,120,339,-305,86,604,-311,66,618,127,632,702,9,502,617,80,326,439,7,120,336,-58,77,611,-46,59
2.4,0.2,-0.1,4.7,-197,-24.7,1328.3,553,-188,1685,546,-287,1586,549,-91,1583,433,-367,1373,325,-61,1382,438,22,1403,296,-483,1039,462,-470,797,315,197,1094,486,188,848,401,-309,876,176,-170,846,414,-31,866,580,-477,605,685,-377,483,592,-445,328,438,-358,120,339,-304,86,604,-310,66,623,125,634,704,7,501,618,79,326,439,7,121,336,-58,77,611,-46,59
2.417,0.2,0,4.6,-184.5,-24.3,1313,554,-184,1694,548,-284,1596,551,-88,1592,438,-365,1382,329,-59,1389,442,24,1410,302,-481,1048,469,-471,804,325,198,1098,501,185,856,406,-310,883,182,-170,855,421,-32,873,582,-477,608,685,-377,484,592,-445,329,438,-358,120,339,-304,86,604,-310,66,627,123,636,705,5,502,619,77,327,439,7,121,336,-58,77,611,-47,59
2.433,0.2,0,4.8,-167.3,-19.7,1272.1,555,-181,1705,550,-281,1607,553,-85,1602,442,-364,1392,333,-57,1397,446,26,1419,307,-479,1058,473,-472,813,335,198,1103,515,182,865,412,-310,892,188,-169,866,427,-32,883,582,-477,610,684,-377,485,591,-446,329,438,-359,120,339,-304,86,604,-310,66,629,122,638,705,3,502,619,77,328,439,7,121,336,-58,77,611,-47,59
2.45,0.2,-0.1,4.7,-150.9,-15.7,1222.9,556,-177,1717,551,-278,1620,555,-82,1614,446,-362,1404,336,-56,1406,449,28,1428,312,-477,1069,475,-473,822,343,198,1110,528,180,874,418,-311,901,194,-169,878,433,-32,893,582,-477,614,682,-378,486,589,-446,330,438,-359,120,339,-304,86,604,-310,66,630,121,640,703,2,504,618,76,329,439,7,121,336,-58,77,611,-47,59
2.467,0.2,-0.1,4.6,-144.1,-15.2,1169.2,556,-174,1730,552,-275,1633,556,-80,1626,449,-361,1416,340,-54,1416,452,30,1439,317,-475,1081,477,-474,831,351,197,1118,538,179,885,423,-311,912,199,-169,891,439,-33,905,582,-477,619,679,-378,488,587,-446,331,437,-359,120,339,-305,86,604,-311,66,630,120,643,701,0,506,617,75,330,439,7,121,336,-58,77,611,-47,59
2.483,0.2,-0.1,4.6,-133.3,-11.9,1131,556,-172,1744,553,-273,1648,558,-78,1640,452,-359,1430,343,-53,1427,455,31,1451,321,-473,1094,477,-474,841,358,196,1127,547,177,896,429,-311,924,205,-170,904,444,-33,917,581,-477,624,676,-378,491,585,-446,332,437,-359,120,339,-305,85,604,-311,66,630,119,647,697,-1,508,615,74,331,439,6,121,336,-58,76,611,-47,59
2.5,0.2,0,4.6,-110.6,-11.7,1113.9,555,-169,1759,553,-271,1663,559,-76,1654,454,-358,1444,345,-52,1439,458,33,1463,324,-472,1108,476,-475,851,364,194,1137,554,176,907,434,-311,936,211,-170,919,449,-33,930,580,-477,630,671,-377,494,583,-446,334,436,-359,120,339,-305,85,604,-311,66,630,118,652,693,-2,511,613,74,333,438,6,120,336,-58,76,611,-47,59
2.517,0.2,0,4.9,-98.6,-13.5,1092.9,555,-167,1774,553,-270,1679,560,-74,1669,456,-357,1459,348,-51,1452,460,34,1477,328,-470,1122,474,-475,862,369,192,1148,560,176,918,440,-312,949,216,-171,934,455,-33,945,579,-477,637,667,-376,497,580,-445,336,436,-359,120,339,-305,85,604,-311,67,629,116,658,688,-3,514,610,74,335,438,7,120,335,-57,75,611,-47,60
2.533,0.2,0,4.7,-97.7,-15,1054.9,555,-166,1790,554,-269,1694,561,-73,1685,457,-357,1474,349,-50,1466,461,35,1491,331,-469,1137,472,-476,873,374,190,1160,565,175,929,445,-312,962,222,-171,950,460,-34,960,578,-476,643,662,-375,501,577,-445,338,436,-359,120,338,-305,85,604,-311,67,628,116,663,682,-3,518,606,74,337,437,7,120,335,-57,75,611,-47,60
2.55,0.1,-0.1,4.7,-95.4,-20.8,996.6,555,-165,1806,554,-268,1710,561,-72,1701,458,-356,1489,351,-49,1480,462,35,1506,333,-468,1152,469,-476,884,378,188,1172,568,175,941,450,-313,976,227,-172,966,466,-34,975,575,-475,650,656,-374,505,573,-444,341,435,-359,120,338,-305,85,604,-310,67,625,115,669,675,-4,523,602,74,340,437,7,119,334,-56,74,610,-47,60
2.567,0.1,-0.2,4.5,-86.3,-24.4,940.6,555,-164,1822,554,-267,1727,562,-72,1717,459,-356,1505,352,-49,1494,463,36,1520,335,-467,1168,465,-476,896,382,185,1184,571,174,952,456,-313,990,233,-172,982,471,-35,991,572,-474,657,649,-372,510,569,-443,344,435,-359,121,338,-305,85,604,-310,67,622,114,675,667,-4,527,598,75,343,436,8,119,334,-56,73,610,-47,60
2.583,0.1,-0.1,4.5,-75.6,-23.5,893.8,554,-164,1838,554,-266,1743,562,-71,1733,460,-356,1521,353,-49,1508,464,36,1535,337,-466,1183,461,-477,907,386,183,1197,573,174,964,462,-313,1005,239,-173,998,477,-35,1007,568,-472,664,642,-371,515,565,-443,347,435,-358,121,338,-305,84,604,-310,67,617,114,681,659,-4,532,593,75,346,436,8,119,334,-55,73,610,-47,60
2.6,0.2,-0.1,4.4,-71.5,-20.4,852.9,554,-163,1854,554,-266,1759,561,-71,1749,460,-356,1537,354,-49,1523,464,36,1550,339,-466,1198,458,-477,919,390,181,1211,575,173,976,467,-313,1019,245,-173,1014,482,-35,1023,563,-471,671,634,-370,519,560,-442,350,434,-359,120,338,-305,84,603,-310,67,612,114,687,651,-4,537,588,76,349,435,8,118,334,-55,72,610,-47,61
2.617,0.2,-0.1,4.6,-64.1,-18.9,813.5,553,-163,1870,553,-266,1776,561,-71,1765,461,-356,1552,355,-50,1537,464,36,1565,340,-465,1213,454,-478,930,393,178,1224,577,173,987,473,-313,1033,251,-174,1030,487,-35,1038,558,-470,679,625,-369,524,554,-442,353,433,-359,120,337,-305,84,603,-310,67,607,114,693,642,-3,542,582,76,352,434,9,118,334,-54,72,609,-47,61
2.633,0.2,0,4.4,-54.4,-19.6,763.3,551,-163,1886,552,-266,1791,560,-71,1780,461,-357,1567,356,-50,1550,465,36,1580,342,-464,1227,450,-479,941,396,176,1238,578,172,998,478,-313,1046,257,-174,1045,493,-35,1054,553,-469,686,615,-368,528,548,-441,356,433,-359,120,337,-305,83,603,-310,68,602,114,699,632,-3,547,576,77,356,433,9,118,333,-54,71,609,-47,61
2.65,0.2,-0.1,4.3,-45.5,-19.3,718.8,550,-163,1900,551,-267,1806,559,-71,1795,461,-357,1581,356,-51,1563,465,35,1594,343,-464,1240,447,-479,951,399,173,1250,579,172,1008,483,-314,1059,263,-175,1059,499,-35,1069,547,-468,693,606,-367,533,542,-441,359,432,-359,119,336,-306,83,603,-310,68,596,114,706,622,-2,552,569,78,359,432,10,117,333,-54,71,609,-47,61
2.667,0.2,-0.1,4.5,-37.9,-18.4,686.4,547,-163,1915,549,-267,1821,557,-72,1809,460,-358,1594,357,-52,1575,465,35,1607,346,-463,1253,444,-480,961,402,170,1263,579,171,1018,489,-314,1071,269,-175,1073,504,-36,1083,542,-467,700,595,-366,537,536,-441,362,431,-359,119,336,-306,82,602,-310,68,590,115,712,612,-1,557,563,79,363,432,10,117,333,-53,70,609,-47,62
2.683,0.2,0,4.4,-27.9,-18,654.1,545,-164,1928,548,-268,1834,556,-73,1822,460,-359,1606,357,-53,1586,465,34,1620,348,-463,1264,442,-481,970,406,167,1274,580,170,1027,494,-314,1082,275,-176,1086,510,-36,1096,536,-466,707,585,-366,542,529,-441,364,430,-359,119,336,-306,82,602,-311,68,583,115,718,601,0,561,556,80,366,431,10,117,332,-53,69,608,-47,62
2.7,0.1,-0.1,4.5,-23.8,-16.8,628.8,543,-165,1940,545,-269,1846,554,-74,1835,460,-360,1617,357,-53,1596,465,33,1631,351,-462,1274,440,-482,979,409,165,1284,580,169,1035,500,-314,1092,281,-176,1098,515,-36,1108,530,-466,714,574,-365,546,522,-441,367,430,-360,118,335,-306,81,602,-311,69,576,116,723,590,1,565,548,81,369,430,10,116,332,-53,69,608,-47,62
2.717,0.1,-0.1,4.4,-19.7,-15.1,615.9,540,-166,1951,543,-270,1857,552,-74,1846,460,-360,1627,357,-54,1605,465,33,1641,353,-462,1283,440,-482,986,413,162,1294,581,168,1042,505,-314,1101,287,-177,1109,521,-37,1119,523,-465,719,564,-365,550,515,-441,370,429,-360,118,335,-307,81,602,-311,69,569,116,728,579,3,569,540,83,372,430,11,116,333,-53,68,608,-46,63
2.733,0.1,0,4.4,-15.1,-13.3,601.6,537,-168,1960,541,-271,1866,550,-75,1856,460,-361,1636,357,-54,1613,465,32,1651,356,-462,1291,439,-483,993,416,159,1302,581,166,1048,510,-315,1109,292,-177,1118,526,-37,1129,516,-465,725,553,-364,554,508,-440,373,429,-360,117,335,-307,81,601,-311,69,561,117,732,568,4,573,533,84,375,429,11,115,333,-53,68,608,-46,63
2.75,0.2,-0.1,4.5,-12.1,-12.4,579.5,534,-169,1969,538,-272,1875,548,-77,1864,460,-362,1643,357,-55,1620,465,31,1658,359,-462,1298,440,-484,999,419,157,1309,582,165,1053,515,-315,1116,298,-178,1126,531,-37,1137,509,-464,729,542,-363,557,500,-440,375,428,-360,117,335,-307,81,601,-311,69,554,117,735,557,5,576,525,84,378,428,11,115,333,-53,67,607,-46,64
2.767,0.1,-0.1,4.6,-11.2,-12.7,576.7,531,-170,1976,536,-274,1882,546,-78,1872,459,-363,1650,357,-56,1625,465,31,1665,361,-463,1303,441,-484,1004,422,155,1315,583,163,1057,520,-315,1122,302,-178,1133,535,-38,1144,502,-464,733,532,-362,560,493,-440,378,428,-360,117,335,-307,80,601,-311,69,547,117,738,546,5,579,518,85,381,427,12,115,333,-53,67,607,-46,64
2.783,0.1,-0.1,4.5,-9.3,-11.4,594.7,528,-171,1982,534,-275,1887,544,-79,1878,459,-364,1655,358,-56,1629,466,30,1670,363,-463,1307,442,-484,1008,425,153,1319,584,160,1061,524,-316,1126,307,-179,1139,540,-38,1150,495,-463,737,522,-361,562,486,-439,380,427,-360,116,335,-307,80,601,-311,69,540,117,741,536,5,582,510,85,383,427,12,114,333,-53,67,607,-45,64
2.8,0.1,0,4.3,-4.1,-8.9,629.2,526,-173,1986,531,-276,1892,542,-80,1883,459,-365,1658,358,-57,1632,466,29,1673,366,-463,1310,444,-484,1011,428,151,1323,586,158,1063,528,-316,1130,311,-179,1143,544,-39,1155,488,-462,739,512,-360,564,479,-438,382,426,-360,116,335,-307,80,601,-312,69,534,117,743,526,5,584,504,86,385,426,12,114,333,-53,67,606,-45,65
2.817,0.1,0,4.3,7.4,-7.9,674.9,523,-174,1990,529,-277,1895,539,-82,1886,460,-366,1661,359,-58,1634,467,28,1676,368,-463,1311,446,-484,1012,431,150,1324,587,155,1064,532,-316,1132,314,-179,1147,547,-39,1158,482,-461,742,504,-359,566,473,-438,383,426,-360,116,335,-307,80,601,-312,69,528,116,744,518,6,585,497,86,386,425,12,113,333,-53,66,606,-45,65
2.833,0.1,-0.1,4.4,12.6,-7.9,725.5,521,-176,1992,527,-278,1897,538,-83,1889,460,-367,1662,360,-59,1635,467,28,1678,370,-463,1312,449,-484,1013,433,148,1325,589,152,1065,535,-317,1134,317,-180,1149,551,-40,1161,477,-460,744,496,-358,567,468,-437,384,425,-360,116,335,-307,80,601,-312,69,523,116,746,510,6,586,492,86,388,425,12,113,333,-53,66,606,-45,65
2.85,0.2,-0.1,4.4,12.1,-7.4,771.6,519,-177,1994,525,-279,1898,536,-84,1891,461,-367,1662,361,-59,1636,467,27,1679,372,-463,1311,453,-484,1013,436,147,1325,591,148,1064,538,-317,1135,320,-180,1151,553,-40,1163,473,-460,745,489,-358,568,463,-437,385,425,-359,115,334,-307,79,601,-312,69,519,117,747,503,7,587,487,87,388,424,12,113,333,-53,66,606,-45,65
2.867,0.1,-0.1,4.4,11.9,-7.6,814.2,517,-179,1995,524,-281,1899,535,-85,1893,462,-368,1662,361,-60,1637,468,27,1679,374,-463,1310,457,-484,1013,438,145,1324,593,145,1063,541,-318,1135,322,-181,1153,556,-41,1164,470,-461,746,484,-358,569,459,-437,385,424,-360,115,334,-307,79,601,-312,69,516,117,748,498,9,588,483,88,389,424,12,113,333,-53,66,606,-45,65
2.883,0.1,-0.1,4.4,9.4,-9.2,854.9,516,-180,1995,523,-282,1899,535,-86,1894,462,-369,1662,362,-61,1637,468,26,1679,377,-462,1308,461,-484,1012,441,144,1322,595,142,1061,543,-318,1136,324,-181,1154,558,-41,1165,468,-462,747,479,-359,569,456,-438,385,424,-360,115,334,-308,79,601,-312,69,514,118,749,493,10,588,480,89,389,423,13,112,333,-53,66,606,-45,65
2.9,0.2,0,4.2,6.9,-12,894.7,515,-181,1996,522,-283,1899,535,-87,1895,462,-369,1661,362,-61,1636,468,26,1678,379,-462,1307,466,-484,1011,444,142,1321,597,138,1060,545,-318,1136,326,-181,1155,560,-41,1165,467,-463,748,475,-360,570,454,-439,386,424,-360,115,334,-308,79,601,-312,69,512,119,749,490,12,589,477,90,389,423,13,112,333,-53,66,606,-45,65
2.917,0.2,0,4.4,2.9,-12.7,926.3,515,-182,1996,521,-284,1899,535,-87,1895,463,-370,1661,362,-62,1636,468,26,1678,382,-461,1305,471,-484,1011,446,140,1319,599,135,1058,547,-318,1136,328,-182,1155,562,-42,1166,466,-464,749,471,-361,570,452,-439,386,423,-360,115,334,-308,79,601,-312,69,510,120,750,487,13,589,475,91,389,423,13,112,332,-53,66,606,-44,65
2.933,0.2,0,4.4,0.6,-9.5,947.4,515,-183,1996,521,-284,1899,535,-88,1896,463,-370,1660,361,-62,1636,468,25,1678,386,-461,1304,477,-484,1010,449,138,1318,601,132,1057,549,-318,1136,329,-182,1156,563,-42,1166,465,-464,750,468,-362,570,450,-440,386,423,-360,115,334,-308,79,601,-312,69,509,121,750,484,14,589,473,91,390,423,13,112,333,-53,66,606,-44,65
2.95,0.1,-0.1,4.5,-4.4,-6.1,946.9,515,-184,1996,521,-285,1899,536,-88,1896,462,-370,1660,361,-62,1636,468,25,1677,389,-461,1303,483,-483,1010,450,135,1317,603,129,1056,550,-318,1136,331,-182,1156,564,-42,1167,464,-465,751,466,-362,571,449,-440,386,423,-360,115,334,-308,79,601,-312,69,508,121,751,482,15,590,471,91,390,422,13,112,333,-53,66,606,-44,65
2.967,0.1,-0.1,4.3,-8.3,-1.8,927,516,-185,1997,521,-285,1899,536,-89,1896,462,-371,1660,361,-63,1636,467,25,1677,392,-461,1303,488,-483,1010,452,132,1316,605,126,1055,552,-318,1136,332,-182,1156,566,-42,1167,463,-465,751,463,-363,571,447,-440,386,423,-360,115,335,-308,79,601,-312,69,507,121,751,480,15,590,469,91,390,422,13,112,333,-53,66,606,-44,65
2.983,0.1,-0.1,4.4,-7.8,-0.2,905.6,517,-185,1997,521,-285,1899,536,-89,1897,462,-371,1661,361,-63,1636,467,25,1678,395,-461,1302,494,-482,1010,453,130,1315,606,122,1054,553,-319,1136,333,-183,1156,567,-42,1167,463,-465,752,462,-363,571,446,-441,386,423,-360,115,335,-308,79,601,-312,69,506,121,751,479,14,590,468,91,391,422,13,112,333,-53,66,606,-44,65
3,0.2,0,4.5,-6.5,-2.3,894.5,517,-185,1997,521,-285,1899,537,-89,1897,462,-371,1661,360,-63,1636,466,25,1678,398,-460,1302,500,-482,1011,453,127,1315,608,119,1054,554,-319,1137,334,-183,1156,568,-42,1168,462,-465,752,461,-363,572,445,-441,386,423,-360,115,335,-307,79,601,-312,69,505,121,752,477,14,591,467,91,391,422,13,112,333,-53,66,606,-44,65
3.017,0.1,0,4.2,-9.6,-5.9,888.3,518,-185,1997,521,-285,1899,537,-89,1897,462,-371,1661,360,-64,1636,466,25,1678,401,-460,1302,506,-481,1012,454,125,1314,609,117,1053,554,-319,1137,335,-183,1156,569,-43,1168,462,-466,752,461,-363,572,445,-441,386,423,-359,116,335,-307,80,601,-312,69,505,121,752,476,14,591,466,92,391,422,13,112,333,-53,66,606,-44,65
3.033,0.1,0,4.4,-12,-8.6,885.9,518,-185,1997,521,-285,1899,537,-89,1897,462,-371,1661,359,-64,1636,465,25,1677,403,-460,1302,512,-480,1013,454,124,1313,610,114,1053,555,-319,1137,336,-183,1156,570,-43,1168,462,-466,752,461,-363,572,445,-441,386,423,-359,116,335,-307,80,601,-312,69,505,121,752,476,15,591,465,92,391,422,13,112,333,-53,66,606,-44,65
3.05,0.1,-0.1,4.3,-15.8,-8.4,899.3,518,-185,1997,520,-285,1899,537,-89,1897,462,-370,1661,359,-64,1635,465,25,1677,406,-460,1301,518,-479,1013,454,122,1312,611,111,1053,555,-320,1137,336,-183,1156,570,-43,1168,463,-466,752,461,-363,572,445,-441,386,423,-359,116,335,-307,80,601,-312,69,506,121,752,476,15,591,465,92,391,422,13,112,333,-53,66,606,-44,65
3.067,0.2,0,4.3,-21.6,-6,919.6,518,-184,1997,520,-285,1899,537,-89,1896,462,-370,1661,359,-64,1635,465,25,1676,408,-460,1301,523,-478,1014,454,121,1311,612,109,1052,556,-320,1137,337,-183,1156,571,-44,1168,463,-466,752,462,-364,572,446,-441,386,423,-360,115,335,-307,80,601,-312,68,506,121,752,475,16,591,465,92,391,422,13,112,333,-53,66,606,-44,65
3.083,0.1,0,4.4,-26.3,-3.3,932.1,518,-184,1997,520,-285,1899,537,-89,1896,463,-370,1661,359,-64,1635,465,26,1676,410,-460,1301,529,-477,1015,454,120,1310,613,106,1052,556,-320,1137,337,-184,1156,571,-44,1168,464,-466,752,462,-364,571,446,-441,386,423,-360,115,335,-308,80,601,-312,68,507,121,752,475,16,591,465,92,391,422,13,112,333,-53,66,606,-44,65
3.1,0.2,0,4.2,-27.9,-2.5,932.9,518,-184,1997,520,-284,1899,537,-88,1896,463,-370,1661,359,-64,1635,464,26,1675,413,-460,1300,534,-476,1015,454,120,1309,614,104,1052,557,-321,1137,338,-184,1155,572,-44,1168,464,-466,752,462,-364,571,446,-441,386,423,-360,115,335,-308,80,601,-312,68,507,121,753,475,15,591,465,92,392,422,13,112,333,-53,66,606,-44,65
3.117,0.2,-0.1,4.3,-24.4,-2.5,924,518,-183,1997,520,-284,1899,538,-88,1896,463,-370,1661,359,-64,1635,464,26,1675,416,-461,1300,540,-475,1016,454,119,1309,615,102,1051,557,-321,1137,338,-184,1155,572,-44,1168,465,-466,753,462,-364,571,446,-441,386,423,-360,115,335,-307,80,601,-312,68,507,121,753,475,15,591,464,92,392,422,13,112,333,-53,66,606,-44,65
3.133,0.1,0,4.4,-16.5,-3.2,915.9,519,-183,1997,521,-284,1900,538,-88,1896,463,-370,1661,358,-64,1634,464,26,1675,418,-461,1300,544,-474,1017,454,118,1308,616,100,1051,558,-321,1137,339,-184,1155,573,-44,1168,465,-466,753,462,-364,572,446,-441,387,423,-360,115,335,-307,80,601,-312,68,506,120,753,475,15,591,464,92,392,422,12,112,333,-53,66,606,-44,65
3.15,0.2,0,4.1,-12.9,-4.8,919.1,519,-182,1997,521,-283,1900,538,-87,1895,463,-370,1662,358,-64,1634,463,26,1675,421,-462,1300,549,-473,1018,455,118,1308,617,98,1051,559,-321,1137,339,-184,1155,573,-44,1168,464,-466,753,462,-364,572,445,-441,387,423,-360,115,335,-307,80,601,-312,68,506,120,753,474,15,591,463,92,392,422,12,112,333,-53,66,606,-44,65
3.167,0.2,0,4.3,-18,-6,917.8,520,-182,1997,521,-283,1900,538,-87,1895,463,-370,1662,358,-64,1633,462,26,1674,423,-462,1300,553,-472,1019,455,118,1308,617,97,1051,559,-321,1137,340,-184,1155,574,-44,1168,464,-466,753,461,-364,572,445,-441,386,423,-360,115,335,-307,80,601,-312,69,505,121,753,474,15,591,463,92,392,422,12,112,333,-53,66,606,-44,65
3.183,0.1,0,4.4,-22.6,-6.4,907.5,520,-181,1997,521,-282,1900,538,-86,1895,463,-370,1662,357,-65,1633,461,26,1674,425,-463,1300,557,-472,1020,455,117,1307,618,96,1052,560,-321,1137,340,-185,1156,574,-44,1168,464,-467,753,461,-364,572,445,-441,386,423,-360,115,335,-307,80,601,-312,69,505,121,753,475,15,591,463,92,392,422,12,112,333,-53,66,606,-44,65
3.2,0.1,0,4.4,-25,-5.8,897.5,520,-180,1997,521,-282,1900,538,-86,1895,463,-370,1662,357,-65,1633,461,26,1674,427,-463,1300,560,-471,1020,454,117,1307,618,95,1052,560,-321,1137,340,-185,1155,574,-44,1168,465,-467,753,461,-364,572,444,-441,386,423,-360,115,335,-307,80,601,-312,69,506,121,753,475,16,591,464,92,392,422,12,112,333,-53,66,607,-44,65
3.217,0.1,0,4.3,-24.3,-5.1,899.9,520,-180,1997,520,-281,1900,538,-86,1895,463,-370,1662,356,-65,1632,460,26,1674,429,-464,1300,564,-470,1021,454,116,1307,618,95,1052,561,-320,1137,340,-185,1155,574,-44,1168,465,-467,753,461,-365,572,444,-442,386,423,-360,115,335,-308,79,601,-312,69,506,121,753,475,16,591,464,92,392,422,12,112,333,-53,66,607,-44,65
3.233,0.1,-0.1,4.2,-21.4,-3.8,909,520,-179,1997,520,-281,1900,538,-85,1894,463,-370,1662,355,-66,1632,459,26,1674,430,-464,1300,567,-470,1021,453,116,1307,618,95,1052,561,-320,1137,341,-185,1156,574,-44,1169,465,-467,753,460,-365,572,444,-442,386,423,-360,115,335,-308,79,601,-312,69,506,121,753,475,15,591,464,92,392,422,12,112,333,-53,66,606,-44,65
3.25,0.1,0,4.3,-17.5,-3.6,914.7,520,-179,1997,520,-281,1900,537,-85,1894,463,-370,1662,355,-66,1632,458,26,1673,432,-464,1300,570,-469,1022,453,116,1306,618,94,1051,561,-320,1137,341,-185,1156,574,-44,1169,465,-467,753,460,-365,572,444,-442,386,423,-360,115,334,-308,79,601,-312,69,506,121,753,475,15,591,463,92,392,422,12,112,333,-53,66,606,-44,65
3.267,0.1,-0.1,4.5,-14.1,-4.1,914.1,520,-178,1996,520,-280,1900,537,-85,1894,463,-370,1662,354,-66,1631,457,26,1673,433,-464,1300,572,-469,1023,453,115,1306,618,95,1051,561,-320,1136,341,-185,1156,575,-44,1169,464,-467,753,459,-365,572,443,-442,386,423,-360,115,334,-308,79,601,-312,69,505,121,753,475,15,591,463,92,392,422,12,112,333,-53,66,606,-44,65
3.283,0.2,-0.1,4.3,-12,-4.9,908.9,520,-178,1996,519,-280,1900,537,-84,1893,463,-370,1662,354,-67,1631,456,26,1673,433,-464,1300,575,-468,1023,452,115,1306,617,95,1051,561,-320,1136,341,-185,1156,575,-44,1169,463,-467,753,459,-365,572,443,-442,386,423,-360,115,334,-308,79,601,-312,69,505,121,753,474,15,591,463,92,391,422,12,112,333,-53,66,606,-44,66
3.3,0.2,0,4.3,-9.9,-5.5,904.7,520,-177,1996,519,-280,1900,536,-84,1893,463,-370,1662,353,-67,1631,455,25,1673,434,-465,1300,577,-468,1024,452,115,1305,617,95,1051,561,-320,1136,341,-184,1156,575,-44,1169,463,-467,753,459,-365,572,443,-442,386,423,-360,115,334,-308,79,600,-312,69,504,122,752,474,16,591,463,92,391,422,13,112,332,-53,66,606,-44,66
3.317,0.2,-0.1,4.3,-9.5,-5.3,906.4,519,-177,1996,519,-280,1900,536,-84,1893,463,-370,1662,352,-68,1630,454,25,1672,434,-465,1300,578,-468,1024,452,115,1305,616,96,1050,561,-320,1136,342,-184,1156,575,-44,1169,462,-467,753,458,-365,571,442,-442,385,423,-360,115,334,-308,78,600,-312,69,504,122,752,474,16,591,463,92,391,422,13,112,332,-53,66,606,-44,66
3.333,0.2,0,4.1,-8.8,-5,912,519,-177,1996,519,-280,1900,535,-84,1893,463,-370,1661,352,-68,1630,453,25,1672,435,-465,1300,580,-467,1024,451,115,1304,616,97,1050,562,-320,1135,342,-184,1156,575,-44,1169,462,-467,753,458,-365,571,442,-442,385,422,-360,115,334,-308,78,600,-313,69,504,122,752,474,16,590,462,93,391,422,13,112,332,-53,66,606,-44,66
3.35,0.2,-0.1,4.3,-7.3,-4.8,917.6,518,-177,1996,518,-280,1900,535,-84,1892,463,-370,1661,351,-68,1629,452,25,1671,435,-465,1299,581,-467,1024,451,115,1304,615,98,1049,562,-320,1135,342,-184,1156,575,-43,1169,462,-467,753,459,-365,571,442,-442,385,422,-360,114,334,-308,78,600,-313,69,504,122,752,474,16,590,462,93,391,421,13,112,332,-53,65,606,-43,66
3.367,0.2,0,4.4,-4.6,-4.9,918,518,-177,1995,518,-280,1900,534,-84,1892,463,-370,1661,351,-68,1629,452,25,1671,436,-465,1299,582,-467,1024,451,115,1304,615,99,1048,562,-320,1135,342,-184,1156,575,-43,1169,463,-467,753,459,-365,571,442,-442,385,422,-361,114,334,-308,78,600,-313,69,504,122,752,474,16,590,462,93,391,421,13,111,332,-53,65,606,-43,66
3.383,0.1,-0.1,4.3,-1.8,-5.7,918.8,517,-177,1995,518,-280,1900,533,-84,1892,463,-370,1661,351,-68,1628,451,25,1671,436,-465,1299,582,-466,1024,451,115,1303,614,100,1048,562,-319,1135,342,-184,1156,575,-43,1169,463,-466,753,459,-365,571,442,-442,385,422,-361,114,334,-308,78,600,-313,70,504,122,752,474,17,590,462,93,391,421,13,111,332,-53,65,606,-43,66
3.4,0.2,0,4.3,-1.6,-6.7,924.3,517,-177,1995,517,-280,1899,533,-84,1892,463,-370,1661,351,-68,1628,451,25,1670,437,-465,1298,583,-466,1024,450,115,1303,613,101,1047,562,-319,1135,342,-184,1156,575,-43,1169,463,-466,753,459,-365,571,443,-442,385,422,-360,114,334,-308,78,600,-313,70,503,122,752,473,17,590,461,93,391,421,13,111,332,-53,65,606,-43,66
3.417,0.2,0,4.1,-2,-7,928.3,516,-178,1995,517,-280,1899,532,-84,1892,463,-370,1660,351,-68,1628,451,25,1670,437,-465,1298,583,-466,1023,450,115,1303,612,102,1046,562,-319,1135,342,-184,1156,575,-43,1169,464,-466,753,459,-364,571,443,-442,385,422,-360,114,334,-308,78,600,-313,70,503,123,752,473,17,590,461,93,391,421,13,111,332,-53,65,606,-43,66
3.433,0.1,0,4.2,-3.6,-7.7,927.6,516,-178,1995,516,-280,1899,532,-84,1892,462,-370,1660,351,-68,1627,451,26,1670,438,-466,1298,583,-466,1023,450,115,1302,611,103,1045,563,-319,1134,342,-184,1156,575,-42,1169,464,-466,753,460,-364,571,443,-442,385,422,-360,114,334,-308,78,600,-313,70,503,123,752,473,17,590,461,94,391,421,13,111,332,-53,65,606,-43,66
3.45,0.1,-0.1,4,-4.5,-8.4,921.2,515,-178,1995,516,-280,1899,531,-84,1892,462,-370,1660,351,-68,1627,451,26,1670,438,-466,1297,583,-465,1023,450,115,1302,610,104,1045,563,-318,1134,342,-184,1156,575,-42,1169,464,-466,753,460,-364,571,443,-441,385,422,-360,114,334,-308,78,600,-313,70,503,123,752,472,17,590,461,94,391,421,13,111,332,-53,65,606,-43,66
3.467,0.1,-0.1,4.3,-5.7,-8.1,915.6,515,-178,1995,516,-280,1899,531,-84,1893,462,-370,1660,351,-68,1627,451,26,1670,438,-465,1297,583,-465,1022,451,115,1302,609,105,1044,563,-318,1134,342,-184,1156,575,-42,1169,464,-466,753,460,-364,571,443,-441,385,422,-360,114,334,-308,78,600,-313,70,503,123,752,472,18,590,461,94,391,421,13,111,332,-53,65,606,-43,66
3.483,0.2,0,3.9,-6.7,-8.5,912,514,-178,1995,516,-280,1899,531,-84,1893,462,-369,1660,351,-68,1627,452,26,1670,438,-465,1297,582,-465,1022,451,115,1303,608,106,1043,563,-318,1134,342,-184,1156,575,-42,1169,465,-466,753,460,-364,571,444,-441,385,422,-360,114,334,-308,78,600,-313,70,503,124,752,472,18,590,460,94,391,421,13,111,332,-53,65,606,-43,66
3.5,0.2,0,4,-6.2,-9.6,909.8,514,-178,1995,516,-280,1899,531,-84,1893,462,-369,1660,351,-68,1627,452,26,1670,438,-465,1297,581,-465,1021,451,115,1303,607,107,1043,564,-318,1134,343,-184,1156,576,-41,1169,465,-466,753,460,-364,571,444,-441,385,422,-360,114,334,-308,78,600,-313,70,502,124,752,472,18,590,460,94,390,421,13,111,332,-53,65,606,-43,67
3.517,0.2,-0.1,4.2,-5.2,-11.3,911,514,-178,1995,516,-280,1899,531,-84,1893,463,-369,1659,352,-68,1627,452,26,1670,438,-464,1297,580,-465,1020,452,115,1303,606,108,1042,564,-318,1134,343,-184,1156,576,-41,1169,465,-466,753,460,-364,571,444,-441,386,422,-360,114,334,-308,78,600,-313,70,502,124,752,472,18,590,460,94,390,421,13,111,332,-53,65,606,-43,67
3.533,0.1,-0.1,3.9,-6.1,-12.1,911.3,514,-179,1995,516,-280,1898,531,-84,1893,463,-369,1659,352,-67,1627,453,26,1670,438,-463,1296,579,-465,1019,452,116,1302,606,108,1042,564,-318,1134,343,-184,1156,576,-41,1169,465,-466,753,460,-364,571,444,-441,386,422,-360,114,334,-308,78,600,-313,70,502,124,752,472,18,590,460,94,390,421,13,111,332,-53,65,606,-43,67
3.55,0.1,-0.1,4,-7.3,-11.7,911.3,513,-179,1995,516,-280,1898,531,-84,1894,463,-369,1659,352,-67,1627,453,26,1670,438,-462,1296,578,-465,1019,452,116,1302,605,109,1041,565,-317,1134,344,-184,1156,577,-41,1169,466,-466,753,460,-364,571,444,-441,386,422,-360,114,334,-308,78,600,-313,70,502,124,752,472,18,590,460,95,390,421,13,111,332,-53,65,606,-43,66
3.567,0.2,0,4,-8,-10.9,913.9,513,-179,1995,516,-280,1898,531,-84,1894,464,-369,1659,353,-67,1627,454,26,1670,438,-461,1296,577,-464,1018,452,116,1302,604,110,1041,565,-317,1134,344,-184,1156,577,-41,1169,466,-466,753,460,-364,571,444,-441,386,422,-360,114,334,-308,78,600,-313,70,502,124,752,472,18,590,460,95,390,421,13,111,332,-53,65,606,-43,66
3.583,0.2,0,3.8,-8.2,-10.5,917.4,513,-179,1995,516,-280,1898,531,-84,1894,464,-368,1659,353,-67,1627,454,27,1670,438,-460,1295,576,-464,1017,452,116,1302,604,110,1041,565,-317,1134,344,-184,1156,577,-41,1169,466,-466,753,460,-364,571,444,-441,386,422,-360,114,334,-308,78,600,-313,70,502,124,752,472,18,590,460,95,390,421,13,111,332,-53,65,606,-43,66
3.6,0.2,0,4.2,-6.8,-10.5,917.3,514,-179,1995,516,-280,1898,532,-84,1894,464,-368,1659,354,-66,1627,455,27,1670,438,-460,1295,575,-464,1017,452,117,1302,604,110,1041,565,-317,1134,345,-184,1156,577,-41,1169,465,-466,753,459,-364,571,443,-442,386,422,-360,114,334,-308,78,600,-313,70,503,124,751,472,18,590,460,95,390,421,13,111,332,-53,65,606,-43,66
3.617,0.1,0,4.2,-5.7,-10.5,915.7,514,-179,1995,516,-280,1898,532,-84,1894,465,-368,1659,355,-66,1627,455,27,1670,438,-459,1295,574,-464,1016,453,117,1302,604,111,1040,565,-318,1134,345,-183,1156,578,-41,1168,465,-466,753,459,-364,571,443,-442,386,422,-360,114,334,-308,78,600,-313,70,503,124,751,472,18,590,460,94,390,421,13,111,332,-53,65,606,-43,66
3.633,0.2,0,4,-5.3,-10.8,914.8,514,-179,1995,516,-280,1897,533,-84,1894,465,-368,1659,355,-66,1627,456,27,1670,438,-458,1295,573,-464,1015,453,118,1303,604,111,1040,565,-318,1134,345,-183,1156,578,-41,1168,465,-466,753,459,-364,571,443,-442,386,422,-360,114,334,-308,78,600,-313,70,503,124,751,472,18,590,460,95,390,421,13,111,332,-53,65,606,-43,66
3.65,0.1,-0.1,3.5,-6.4,-11.1,914.6,515,-179,1995,517,-280,1897,534,-84,1894,465,-368,1659,356,-66,1627,457,27,1670,439,-458,1295,572,-464,1015,453,118,1303,604,111,1040,565,-318,1134,345,-183,1157,578,-42,1168,465,-466,753,458,-364,571,443,-442,386,422,-360,114,334,-308,78,600,-313,70,503,124,751,472,18,590,460,95,390,421,13,111,332,-53,65,606,-43,66
3.667,0.2,-0.1,3.9,-7.9,-11.2,914.7,515,-179,1995,517,-280,1897,535,-84,1894,466,-367,1659,356,-65,1627,458,27,1670,439,-458,1295,571,-463,1014,453,118,1303,604,111,1040,565,-318,1134,345,-183,1157,578,-42,1168,464,-466,753,458,-364,571,443,-442,386,422,-360,114,334,-308,78,600,-313,70,504,124,751,472,18,590,460,95,390,421,13,111,332,-53,65,606,-43,66
3.683,0.2,0,4,-8.4,-11.4,913.5,516,-179,1995,518,-280,1897,536,-84,1894,466,-367,1659,357,-65,1628,458,28,1670,439,-457,1295,570,-463,1014,454,118,1303,604,110,1040,565,-318,1134,345,-183,1157,579,-42,1168,464,-466,753,458,-364,571,443,-441,386,422,-360,115,334,-308,78,600,-313,70,504,124,751,473,18,590,460,95,390,421,13,111,332,-53,65,606,-43,66
3.7,0.2,0,4,-7.6,-11.9,910.7,517,-179,1995,519,-280,1897,537,-84,1894,467,-367,1659,358,-65,1628,459,28,1670,438,-457,1295,569,-463,1014,454,119,1303,605,110,1040,565,-318,1134,345,-183,1157,579,-42,1168,464,-466,753,458,-364,571,443,-442,386,422,-360,115,334,-308,78,600,-313,70,504,124,751,473,18,590,460,95,390,421,13,111,332,-53,65,606,-43,66
3.717,0.2,0,4,-6.1,-12.6,909.2,518,-179,1995,520,-279,1898,539,-84,1894,468,-367,1659,359,-65,1628,460,28,1670,438,-457,1295,569,-463,1014,455,119,1303,605,110,1040,566,-319,1134,346,-183,1157,579,-42,1168,464,-466,753,458,-364,571,443,-442,386,422,-360,115,334,-308,78,600,-313,69,504,123,751,473,18,590,460,95,390,421,14,111,332,-53,65,606,-43,66
3.733,0.1,-0.1,4,-5.9,-12.7,911.7,520,-178,1995,521,-279,1898,540,-84,1894,468,-367,1659,359,-65,1628,461,28,1670,438,-457,1295,568,-462,1013,456,119,1303,606,110,1040,566,-319,1134,346,-183,1157,580,-42,1168,464,-466,753,458,-364,571,443,-442,386,422,-360,115,334,-308,78,600,-313,69,504,123,751,473,18,590,460,95,390,421,14,111,332,-53,65,606,-43,66
3.75,0.1,-0.1,4,-6.2,-12.2,914,521,-178,1995,522,-279,1898,541,-84,1894,469,-367,1659,360,-65,1628,462,28,1670,438,-456,1296,568,-462,1013,456,119,1303,607,110,1040,566,-319,1134,346,-183,1157,580,-42,1167,464,-466,753,457,-364,571,443,-442,386,422,-360,115,334,-308,78,600,-313,69,505,123,751,472,18,590,460,95,390,421,14,111,332,-53,65,606,-43,66
3.767,0.2,0,3.9,-7.6,-11.5,915.4,523,-178,1995,523,-279,1898,542,-83,1894,469,-367,1660,361,-65,1628,463,28,1670,438,-456,1296,567,-462,1013,457,119,1303,607,110,1040,566,-319,1134,346,-183,1157,580,-42,1167,464,-466,753,457,-364,571,442,-442,386,423,-360,115,334,-308,78,600,-313,69,505,123,751,472,18,590,460,95,391,421,13,111,332,-53,65,606,-43,66
3.783,0.1,-0.1,4.2,-8.4,-10.8,914.3,525,-178,1995,524,-279,1898,544,-83,1893,470,-367,1660,362,-65,1628,464,28,1670,438,-456,1296,567,-462,1014,458,119,1303,608,109,1040,566,-319,1134,347,-183,1157,580,-43,1167,463,-466,753,457,-364,571,442,-442,386,423,-360,115,334,-308,78,600,-313,69,505,123,751,472,18,590,460,95,391,421,13,111,332,-53,65,606,-43,66
3.8,0.1,-0.1,3.8,-7.7,-10.7,911.9,527,-178,1995,526,-278,1898,545,-83,1893,470,-367,1660,363,-65,1628,464,28,1670,437,-456,1296,567,-462,1014,459,119,1303,608,109,1040,566,-319,1134,347,-183,1157,581,-43,1167,463,-466,753,457,-364,571,442,-442,386,423,-360,115,334,-308,79,600,-313,69,505,123,751,472,18,590,460,95,391,421,13,111,332,-53,65,606,-43,66
3.817,0.2,-0.1,4.1,-7.3,-11.2,909.8,528,-178,1995,527,-278,1898,547,-83,1893,471,-367,1660,364,-65,1628,465,28,1670,437,-457,1296,567,-462,1014,459,118,1303,609,109,1040,566,-319,1134,347,-183,1157,581,-43,1167,463,-466,753,457,-364,571,442,-442,386,423,-360,115,334,-308,79,600,-313,69,505,123,751,472,18,590,460,95,391,421,13,111,332,-53,65,606,-43,66
3.833,0.2,0,3.9,-6.6,-11.5,908.7,530,-177,1995,529,-278,1898,548,-83,1893,471,-368,1660,364,-65,1628,466,28,1670,437,-457,1297,567,-462,1014,460,118,1303,610,108,1040,566,-319,1134,347,-183,1157,581,-43,1167,463,-466,753,456,-365,571,441,-442,386,423,-360,115,334,-308,79,600,-313,69,505,123,751,472,18,590,460,95,391,421,13,111,332,-53,65,606,-43,66
3.85,0.1,-0.1,3.8,-6.8,-11.3,910.2,532,-177,1995,530,-278,1898,549,-83,1893,472,-368,1660,365,-65,1629,467,28,1670,437,-457,1297,567,-462,1015,460,118,1303,611,108,1041,567,-320,1134,348,-183,1158,582,-43,1167,463,-466,753,456,-365,571,441,-442,386,423,-360,115,334,-308,79,600,-313,69,505,123,751,472,18,590,460,95,391,421,13,111,332,-53,65,606,-43,66
3.867,0.2,0,4,-7.6,-10.9,913,533,-177,1995,532,-279,1898,551,-83,1892,472,-368,1660,366,-65,1629,468,27,1670,437,-457,1297,567,-462,1015,461,118,1303,612,108,1041,567,-320,1134,348,-184,1158,582,-43,1167,463,-466,753,456,-365,571,441,-442,386,423,-360,115,334,-308,79,600,-313,69,505,123,751,472,18,590,460,95,391,421,13,111,332,-53,65,606,-43,66
3.883,0.1,-0.1,4,-8.7,-10.8,913.1,535,-177,1994,533,-279,1898,552,-83,1892,473,-368,1660,366,-65,1629,468,27,1670,437,-457,1297,567,-462,1015,461,118,1303,613,107,1041,567,-320,1134,348,-184,1158,582,-43,1167,463,-466,753,456,-365,571,441,-442,386,423,-360,115,334,-308,79,600,-313,69,505,123,751,472,18,590,460,94,391,421,13,111,332,-53,65,606,-43,66
3.9,0.2,0,4,-9.5,-10.8,908.3,536,-177,1994,534,-279,1898,552,-83,1891,473,-368,1660,367,-65,1629,469,27,1670,437,-457,1297,567,-463,1015,462,118,1303,613,107,1041,567,-320,1134,348,-184,1158,582,-44,1166,463,-466,752,456,-365,572,441,-442,386,423,-360,115,334,-308,79,600,-313,69,505,123,751,472,18,590,460,94,391,421,13,111,332,-53,65,606,-43,66
3.917,0.1,0,3.9,-9.3,-10.6,904,538,-177,1994,536,-279,1898,553,-83,1891,474,-368,1660,368,-65,1629,470,27,1670,438,-458,1298,568,-463,1015,463,118,1303,614,106,1041,567,-320,1134,348,-184,1158,582,-44,1166,463,-467,752,456,-365,572,441,-443,386,423,-360,115,334,-308,79,600,-313,69,505,123,751,472,18,590,461,94,391,421,13,111,332,-53,65,606,-43,66
3.933,0.1,-0.1,4,-9.3,-10.3,906.5,539,-177,1994,537,-279,1898,554,-83,1891,474,-368,1660,368,-65,1630,471,27,1670,438,-458,1298,568,-464,1015,464,118,1303,615,105,1041,568,-320,1134,348,-184,1158,583,-44,1166,463,-467,752,456,-365,572,441,-443,386,423,-360,115,334,-308,79,600,-313,69,506,123,751,473,18,590,461,94,391,421,13,111,332,-53,65,606,-43,66
3.95,0.1,0,3.8,-9.8,-10.1,912.6,540,-177,1994,538,-279,1898,555,-83,1891,475,-368,1661,369,-65,1630,472,27,1670,439,-459,1298,568,-464,1015,464,117,1303,616,105,1041,568,-321,1134,348,-184,1158,583,-44,1166,463,-467,752,456,-365,572,441,-443,386,423,-360,115,334,-308,79,600,-313,69,506,122,751,473,18,590,461,94,391,421,13,111,332,-53,65,606,-43,66
3.967,0.2,-0.1,4,-10.3,-9.6,914.8,541,-177,1994,538,-279,1898,556,-84,1891,475,-368,1661,369,-65,1630,472,27,1670,440,-459,1298,569,-464,1015,465,117,1303,617,104,1041,568,-321,1134,349,-184,1158,583,-44,1166,463,-467,752,456,-365,571,441,-443,386,423,-360,115,334,-308,79,600,-313,69,506,122,751,473,17,590,461,94,391,421,13,111,332,-53,65,606,-43,66
3.983,0.2,0,3.6,-10.7,-8.9,912.3,542,-177,1994,539,-279,1898,558,-84,1891,476,-369,1661,370,-65,1630,473,27,1670,440,-460,1298,569,-465,1015,466,117,1303,618,103,1041,568,-321,1134,349,-184,1158,584,-45,1166,464,-467,752,456,-365,571,441,-443,386,423,-360,115,334,-308,79,600,-313,69,507,122,751,473,17,590,461,94,391,421,13,111,332,-53,65,606,-43,66
4,0.1,0,3.6,-10.7,-9.2,908.8,543,-177,1994,540,-279,1898,559,-84,1891,476,-369,1661,370,-65,1630,473,26,1670,441,-460,1298,569,-465,1015,466,117,1303,618,103,1041,569,-321,1134,349,-184,1158,584,-45,1166,464,-467,752,456,-365,571,441,-443,386,423,-360,115,334,-308,79,600,-313,69,507,122,751,473,17,590,461,94,391,421,13,111,332,-53,65,606,-43,66
4.017,0.2,0,4,-9.3,-9.4,906.3,544,-177,1994,541,-279,1898,559,-84,1891,477,-369,1661,371,-65,1630,474,26,1670,441,-461,1298,570,-466,1016,467,116,1303,619,102,1041,569,-322,1134,350,-185,1158,584,-45,1166,464,-467,752,456,-366,571,441,-443,386,423,-360,115,334,-308,79,600,-313,69,507,122,751,473,17,590,461,94,391,421,13,111,332,-53,65,606,-43,66
4.033,0.2,0,4,-7.9,-9.6,907.3,545,-177,1994,542,-279,1898,560,-84,1891,478,-369,1661,371,-66,1630,474,26,1670,442,-461,1298,570,-466,1016,467,116,1303,620,102,1041,569,-322,1134,350,-185,1158,585,-45,1166,464,-467,752,456,-366,571,441,-443,386,423,-360,115,334,-308,79,600,-313,69,507,122,751,474,17,590,461,94,391,421,13,111,332,-53,65,606,-43,66
4.05,0.1,0,3.8,-7,-9.3,911.4,545,-178,1994,542,-280,1898,561,-84,1891,478,-369,1661,372,-66,1630,475,25,1670,442,-461,1298,571,-467,1016,468,116,1303,621,101,1041,569,-322,1134,350,-185,1158,585,-46,1166,464,-467,752,456,-366,571,441,-443,386,423,-360,115,334,-308,79,600,-313,69,507,121,751,474,17,590,461,94,391,421,13,111,332,-53,65,606,-43,66
4.067,0.1,-0.1,4.1,-7.4,-8.9,914.8,546,-178,1994,543,-280,1898,561,-85,1891,479,-370,1661,373,-66,1630,475,25,1670,443,-461,1298,572,-467,1016,469,115,1303,621,101,1041,570,-322,1133,351,-185,1158,586,-46,1166,464,-468,752,456,-366,571,441,-443,386,423,-360,115,334,-308,79,600,-313,69,508,121,751,474,16,590,461,94,391,421,13,111,332,-53,65,606,-43,66
4.083,0.1,0,4.3,-8.7,-8.4,914.5,546,-179,1994,543,-280,1898,561,-85,1891,479,-370,1661,373,-67,1630,476,25,1670,443,-461,1299,572,-467,1016,469,115,1303,622,100,1041,570,-323,1133,351,-186,1158,586,-46,1166,464,-468,752,457,-367,571,441,-444,386,423,-360,115,334,-308,79,600,-313,69,508,121,751,474,16,590,461,94,391,421,13,111,332,-53,65,606,-43,66
4.1,0.2,0,3.9,-9.6,-8.1,912.7,547,-179,1994,543,-281,1898,562,-86,1891,480,-370,1661,373,-67,1630,476,25,1670,443,-462,1299,573,-468,1016,469,115,1303,622,100,1041,571,-323,1133,351,-186,1158,586,-46,1166,465,-468,752,457,-367,571,441,-444,386,423,-360,115,334,-308,79,600,-313,69,508,121,751,474,16,590,461,94,391,421,13,111,332,-53,65,606,-43,66
4.117,0.1,-0.1,3.8,-9.4,-7.9,913.3,547,-180,1994,544,-281,1898,562,-86,1891,480,-370,1661,373,-67,1630,476,24,1670,444,-462,1299,573,-468,1016,469,114,1303,622,99,1041,571,-323,1133,352,-186,1158,586,-47,1165,465,-468,752,457,-367,571,441,-444,386,423,-360,115,334,-308,79,600,-313,69,508,121,751,474,16,590,461,94,391,421,13,111,332,-53,65,606,-43,66
4.133,0.1,-0.1,4,-8.8,-7.5,916.6,548,-180,1994,544,-282,1897,563,-87,1891,481,-371,1661,374,-68,1630,477,24,1670,444,-463,1299,574,-468,1016,470,114,1303,623,99,1041,571,-323,1133,352,-187,1158,587,-47,1165,466,-468,752,457,-367,571,442,-444,386,423,-360,115,334,-308,79,600,-313,69,508,121,751,474,16,590,461,94,392,421,13,111,332,-53,66,606,-43,66
4.15,0.2,-0.1,4,-8.4,-7.2,914.2,548,-181,1994,545,-282,1897,563,-87,1891,481,-371,1661,374,-68,1630,477,24,1670,445,-463,1299,575,-468,1016,470,113,1303,623,99,1041,572,-323,1133,352,-187,1158,587,-47,1165,466,-468,752,458,-367,571,442,-444,386,423,-360,115,334,-308,79,600,-313,69,508,121,751,474,16,590,461,93,392,421,13,112,332,-53,66,606,-43,66
4.167,0.2,0,3.8,-8.9,-6.9,908.4,548,-182,1994,545,-283,1897,564,-88,1891,482,-371,1661,375,-68,1630,478,23,1670,445,-464,1298,575,-469,1016,470,113,1303,623,98,1041,572,-323,1133,353,-188,1159,587,-47,1165,466,-468,752,458,-367,571,442,-444,386,423,-360,115,334,-308,79,600,-313,69,508,120,751,474,16,590,461,93,392,421,13,112,332,-53,66,606,-43,66
4.183,0.1,0,3.7,-8.8,-7,903.4,549,-182,1994,546,-283,1897,564,-88,1891,482,-372,1661,375,-69,1630,478,23,1670,446,-464,1298,576,-469,1016,471,113,1303,624,98,1041,573,-324,1133,353,-188,1159,587,-47,1165,467,-469,752,458,-367,571,442,-444,386,423,-360,115,334,-308,79,600,-313,69,508,120,751,474,16,590,461,93,392,421,13,112,332,-53,66,606,-43,66
4.2,0.2,-0.1,3.6,-8.5,-6.9,904.3,549,-183,1994,546,-284,1896,565,-89,1891,483,-372,1661,376,-69,1630,478,23,1670,446,-464,1298,577,-469,1016,471,112,1303,624,98,1041,573,-324,1133,354,-188,1159,588,-48,1165,468,-469,752,459,-367,571,443,-444,386,423,-360,115,334,-308,79,600,-313,69,508,120,751,474,16,590,461,93,392,421,13,112,332,-53,66,606,-43,66
4.217,0.1,0,3.7,-8.5,-6.6,915.3,550,-184,1994,546,-285,1896,565,-89,1891,484,-372,1661,376,-69,1630,479,22,1671,447,-465,1298,577,-469,1016,471,112,1303,624,97,1041,574,-324,1133,354,-188,1159,588,-48,1166,468,-469,752,459,-367,571,443,-444,386,423,-360,115,334,-308,79,600,-313,69,508,120,751,475,15,590,461,93,392,421,13,112,332,-53,66,606,-43,66
4.233,0.1,0,3.6,-9.7,-6.2,927.6,550,-184,1994,547,-285,1896,566,-90,1891,484,-373,1660,376,-70,1630,479,22,1671,448,-465,1298,578,-469,1016,471,112,1303,624,97,1041,574,-324,1133,354,-189,1159,589,-48,1166,469,-469,752,460,-368,571,443,-444,386,423,-360,115,334,-308,79,600,-313,69,509,120,751,475,15,590,462,93,392,421,13,112,332,-53,66,606,-43,66
4.25,0.2,0,3.9,-11.5,-6.3,922.7,551,-185,1994,547,-286,1896,566,-90,1892,485,-373,1660,377,-70,1630,480,22,1671,448,-465,1298,578,-470,1016,471,112,1303,624,97,1041,575,-325,1133,355,-189,1159,589,-48,1166,469,-469,752,460,-368,571,444,-445,386,423,-360,115,334,-308,79,600,-313,69,509,120,751,475,15,590,462,93,392,421,13,112,332,-53,66,606,-43,66
4.267,0.1,0,3.7,-11.6,-5.4,911.8,551,-185,1994,547,-286,1896,567,-91,1892,485,-373,1660,377,-71,1630,480,21,1671,449,-465,1298,579,-470,1016,472,111,1303,624,97,1041,575,-325,1133,355,-189,1159,589,-48,1166,470,-469,752,461,-368,571,444,-445,386,423,-360,115,335,-308,79,600,-313,69,510,120,751,475,15,590,462,93,392,421,13,112,332,-53,66,606,-43,66
4.283,0.1,0,4,-11.2,-5.1,906.9,552,-186,1993,548,-286,1896,568,-91,1892,485,-374,1660,378,-71,1630,480,21,1671,449,-466,1298,579,-470,1015,472,111,1303,624,97,1041,576,-325,1133,356,-189,1159,590,-48,1166,470,-470,752,461,-368,571,444,-445,386,423,-360,115,334,-308,79,600,-313,69,510,120,751,475,15,590,462,93,392,421,13,112,332,-53,66,606,-43,66
4.3,0.2,0,3.8,-10.2,-5.6,907.9,552,-186,1993,548,-287,1896,569,-91,1892,486,-374,1660,378,-72,1630,480,20,1671,450,-466,1297,580,-470,1015,472,111,1303,624,96,1041,576,-325,1133,356,-189,1159,590,-48,1166,471,-470,752,461,-368,570,445,-445,386,423,-360,115,334,-308,79,600,-313,69,510,120,751,475,15,590,462,93,392,421,13,112,332,-53,66,606,-43,66
